name	sha256	size	mtime_ns
ME_2016_lidar_elev.tif	b541fc125375fd5c5b8dde71c727c23004c73f4a1f375662203c141d2a2d9fda	866954555	1789713197391634941
ME_2016_lidar_rough.tif	7805906ae3109b33f1803648705722b2d34a1b5f21ba3c065ea1bc05b0d7ce81	1179298873	1789713197391634941
ME_2016_nlcd.tif	3a7f6f3098b34c0056614e15a93afb1f1611bdf60ee4716cda8b61eb11563f2b	28169279	1789903692889579594
ME_2016_road_dist.tif	6eea5660c2490b73d3d1db68460d45dba723c33578ed028bb6017cd3f9185564	40870668	1789739797442220274
ME_2017_nlcd.tif	52bfba71e19ab0d976a830f2f4f4d1a6784a0da3429063cf2ae0c405bea0e012	28128098	1789903713740000269
ME_2017_road_dist.tif	6eea5660c2490b73d3d1db68460d45dba723c33578ed028bb6017cd3f9185564	40870668	1789739802162312985
ME_2018_nlcd.tif	2b0ab17fd35b2c31214faa6981c6de1928306032abcc223e4b1b849c55a2e320	28146282	1789903734870434256
ME_2018_road_dist.tif	6eea5660c2490b73d3d1db68460d45dba723c33578ed028bb6017cd3f9185564	40870668	1789739806872405389
ME_2019_nlcd.tif	c5dc14c33265b0b837554bf1802b484df43583d02807761bbfdad1c35bd57111	28222765	1789903755550854942
ME_2019_road_dist.tif	6eea5660c2490b73d3d1db68460d45dba723c33578ed028bb6017cd3f9185564	40870668	1789739811582497195
ME_2020_gradient.tif	598b8fa5d3661eefe5eee55e363fb797ff9f320cb4460f1c5fd5afaf2e67c0da	128489416	1789713197391634941
ME_2020_nlcd.tif	e1ba41fd5dfa325fbca8facc709c2688b11a8dc584e9c6978c443f7c54ff9057	28149104	1789903776331281523
ME_2020_road_dist.tif	6eea5660c2490b73d3d1db68460d45dba723c33578ed028bb6017cd3f9185564	40870668	1789739816292588999
ME_2020_slope.tif	d3bcbab2b0da09f57f7596eb1344b0eb62ebd5de5a9ab49711d848e580f2e7cb	66638410	1789713197381634740
ME_2021_nlcd.tif	dcbba48c9e7f56e1a70fe5485c7487debe8593f182ded89094522551398e155b	28043198	1789903797291710859
ME_2021_road_dist.tif	6eea5660c2490b73d3d1db68460d45dba723c33578ed028bb6017cd3f9185564	40870668	1789739821002680803
ME_2022_cc.tif	a035c41b1fb361ac30aa8f7a8ab8188f025ceaa4e67ecea5f274f9bf72fc9f44	52583876	1789713197391634941
ME_2022_ch.tif	fffc26b59aa6dd1d9025c15c7abd9c32144b52cb88b8614eef94e3758258ac08	36925686	1789713197391634941
ME_2022_evc.tif	cd9995d416a9d8d65f0d838af3f55176909834184c29f23cef51aa0902a1baf1	123312036	1789713197381634740
ME_2022_evh.tif	74a330b109f82be6060a4710d1f28016f00b8a8a87c4f005572cd84e6e39126f	72888370	1789713197381634740
ME_2022_evt.tif	7f45b6b8e7e5b397109ae533043f6b4bfccc25742d150ada9172d19d7eb175e0	56535214	1789713197381634740
ME_2022_fdist.tif	00eae4365aca19a209757e81190b258b83679e3a6d84cf0d1e22095b39582207	13877684	1789713197391634941
ME_2022_gradient.tif	598b8fa5d3661eefe5eee55e363fb797ff9f320cb4460f1c5fd5afaf2e67c0da	128489416	1789713197381634740
ME_2022_nlcd.tif	f95ce5490471b8c6b259c47e0e0e2d404820008422de730cd0f99d083c31c8e4	27959689	1789903817792130900
ME_2022_road_dist.tif	6eea5660c2490b73d3d1db68460d45dba723c33578ed028bb6017cd3f9185564	40870668	1789739825712775801
ME_2022_sclass.tif	d67ea61ee8d8ea7e3ebfb848655b9cdb880601aaec05f37046a2b3b42ed8be55	40413342	1789713197381634740
ME_2022_slope.tif	d3bcbab2b0da09f57f7596eb1344b0eb62ebd5de5a9ab49711d848e580f2e7cb	66638410	1789713197381634740
ME_2023_cc.tif	101910f955f552331d72f27ae56160ae76adc0b68eac6d440cd1becf8b402d05	56904126	1789713197391634941
ME_2023_ch.tif	e2b490ea06c2b0dcbf686c3782eaedefc81baf246b646316f90fec94f1977029	42860174	1789713197391634941
ME_2023_evc.tif	f9bb76bd33c3bec7a2107a58b4d87014112ed69c3a95bdcc58f3c8b18f17c702	145293458	1789713197381634740
ME_2023_evh.tif	019c7d9a48a2444f34217a60ccb03186e3339d9c05eb3a182fb4eb1e57ed1446	86820670	1789713197381634740
ME_2023_evt.tif	30c3a483c3662172c9b8dad846ffbb90205aa242fb19aea12781ca5588bf7b7f	55127620	1789713197381634740
ME_2023_fdist.tif	23b96afd1c9c069926d44ef821ffc4fca4e63c3118d7a175d1f3e62a9afea9e9	14359208	1789713197391634941
ME_2023_gradient.tif	598b8fa5d3661eefe5eee55e363fb797ff9f320cb4460f1c5fd5afaf2e67c0da	128489416	1789713197381634740
ME_2023_nlcd.tif	da4fb7445773f34bdbbd29f71caba06e025245fd18f8cc08b9c6a648dcf6599f	27974424	1789903838352553690
ME_2023_road_dist.tif	6eea5660c2490b73d3d1db68460d45dba723c33578ed028bb6017cd3f9185564	40870668	1789739830422871962
ME_2023_sclass.tif	2983b2c75fe4c501e9355466bec86d8a54206a670aa7d1da2664b70916425a64	40069290	1789713197381634740
ME_2023_slope.tif	d3bcbab2b0da09f57f7596eb1344b0eb62ebd5de5a9ab49711d848e580f2e7cb	66638410	1789713197381634740
ME_2024_cc.tif	4129f4d41c62ed26ce16e585beb7e2bde9443dc069afa004e2e921710ace082e	57220288	1789713197391634941
ME_2024_ch.tif	e70d37d6c00b846e1042a8f513f0ce27f94dc7547f381304dccba11b1fa2a1eb	43001194	1789713197391634941
ME_2024_evc.tif	3ae21975f3d059634b26572cd8b9320e968d0a6815e5fd41dd808a1a6156018e	145612130	1789713197381634740
ME_2024_evh.tif	4b8b601e1077bb7f0c3e59118e84cfcdf936306e247e95d28866bdc628939118	86840514	1789713197381634740
ME_2024_evt.tif	96047bc6c9ac78c7180892d2c9674c8dff24547a1874f4b71730d34c22b57a74	55038818	1789713197381634740
ME_2024_fdist.tif	13f0f1d22efc1015e2da1c92b291e513f07303c883773ffe1488d32f967d1282	14661864	1789713197391634941
ME_2024_gradient.tif	598b8fa5d3661eefe5eee55e363fb797ff9f320cb4460f1c5fd5afaf2e67c0da	128489416	1789713197381634740
ME_2024_nlcd.tif	c50d619749156c78aa9aab9b1ab547c30578edf3a2cfe410ffe160ef2b17e046	28033373	1789903859172986634
ME_2024_road_dist.tif	6eea5660c2490b73d3d1db68460d45dba723c33578ed028bb6017cd3f9185564	40870668	1789739835132968121
ME_2024_sclass.tif	439aad25e65bf64fa4c1800d5ca09d869d6e328abc5f426c8ec4ff6555a47ec6	40110218	1789713197391634941
ME_2024_slope.tif	d3bcbab2b0da09f57f7596eb1344b0eb62ebd5de5a9ab49711d848e580f2e7cb	66638410	1789713197381634740
ME_2025_cc.tif	0ae9dba685c9e0fba5586184a7ec67a00dc62f17be2d3f842736ec42c5f75ee3	9406096	1789713197391634941
ME_2025_ch.tif	c6223b6bb1d85b46db3e9e61c6128a90239daa0ad411c29290faf69dce3243f8	9406096	1789713197391634941
ME_2025_evc.tif	836ecbe019a553985e7b989dd309bb0fc7c022c8be6073e80809f91cf3505a47	9406100	1789713197381634740
ME_2025_fdist.tif	d2e79cfeaad1a03a49260aed38c809882419f31d6719f56322cf385a7cf8d7d8	9406110	1789713197391634941
ME_2025_gradient.tif	598b8fa5d3661eefe5eee55e363fb797ff9f320cb4460f1c5fd5afaf2e67c0da	128489416	1789713197381634740
ME_2025_nlcd.tif	0d6241e775f66ee4484636a4c7c328403f06b6e84d99427be016d1924d4c9884	28149110	1789903868273175306
ME_2025_road_dist.tif	6eea5660c2490b73d3d1db68460d45dba723c33578ed028bb6017cd3f9185564	40870668	1789739839833062725
ME_2025_slope.tif	d3bcbab2b0da09f57f7596eb1344b0eb62ebd5de5a9ab49711d848e580f2e7cb	66638410	1789713197381634740
NH_2016_lidar_elev.tif	35e5f0c5addc7d2f9ecd7d34186023328b50f5305f4d967dea68c5d3acdb1b63	530096222	1789713197391634941
NH_2016_nlcd.tif	79deb8f054a0b6031c555ca8be98478620210f5583d77476bd44a6089adc6477	14712604	1789903872403260884
NH_2016_road_dist.tif	2331aa1d3d33f6dc34ddecba67c5b0956b659673e73a932b70aedc2b7aa8bd20	19492688	1790733845023650495
NH_2017_nlcd.tif	4165d05ecdc82d9967f9b0df54b96724269a820ea081b7b90823e6c5b0473256	14737919	1789903881143441932
NH_2017_road_dist.tif	2331aa1d3d33f6dc34ddecba67c5b0956b659673e73a932b70aedc2b7aa8bd20	19492688	1790733845033650954
NH_2018_nlcd.tif	56af6e40a45d9e8ada0ff8ea8ccdca3899f612c08f48523b05d14ce72fae859d	14775783	1789903889653618152
NH_2018_road_dist.tif	2331aa1d3d33f6dc34ddecba67c5b0956b659673e73a932b70aedc2b7aa8bd20	19492688	1790733845033650954
NH_2019_nlcd.tif	8bd09330da8d39fd3a2174ef1194a88c76401f028414421fc918e922aafd1e85	14798708	1789903898223795549
NH_2019_road_dist.tif	2331aa1d3d33f6dc34ddecba67c5b0956b659673e73a932b70aedc2b7aa8bd20	19492688	1790733845033650954
NH_2020_gradient.tif	34c231cfc67fd64618e43daa31ab4ae5496ea047a41aa8e94e3481e651ee0b60	63763872	1789713197381634740
NH_2020_nlcd.tif	ffe6870a9262a494bf9f56a600cdf160ab854aed71e028ecfb79174f0ea1f3e8	14815337	1789903906793977460
NH_2020_road_dist.tif	2331aa1d3d33f6dc34ddecba67c5b0956b659673e73a932b70aedc2b7aa8bd20	19492688	1790733845033650954
NH_2020_slope.tif	5011c6277f3910c85ce1f2c293f543afc1da08c95015e566b002f71904b33729	31278056	1789713197381634740
NH_2021_nlcd.tif	f0fc1131fdc01539e8fa62223b8d10ed30d1df6b7bab7e4a13b7345454c73be7	14783121	1789903915364162824
NH_2021_road_dist.tif	2331aa1d3d33f6dc34ddecba67c5b0956b659673e73a932b70aedc2b7aa8bd20	19492688	1790733845033650954
NH_2022_cc.tif	fdd74fb1f85d9f1828df7a226bfd8bb7555553479480ae438521b572dbb1ae37	23765308	1789903925504345147
NH_2022_ch.tif	341d530b1e956258c6f9224e897d22aba610aafd12bb88726dcb86166ce29d6e	16456265	1789903929554428330
NH_2022_evc.tif	0d833ebbea8632734541d823cefa4e5800080cdacce0c0a779f4bbbcee37eb71	53155162	1789713197381634740
NH_2022_evh.tif	f93ad4959e26c894a1ad33f25f61365515e4b1b80e24d3cfc1f7fe7d57ad25e1	31386914	1789713197381634740
NH_2022_evt.tif	4508e756fcf05110cf5d4630377585109c4281a865863d012004de0453da29e2	24139102	1789713197381634740
NH_2022_fdist.tif	ece4b8cc5ae1e646fef72cf320e0f8e55d7574ccea941a808c7e2b78376aa6bf	3132868	1789903931124460578
NH_2022_gradient.tif	34c231cfc67fd64618e43daa31ab4ae5496ea047a41aa8e94e3481e651ee0b60	63763872	1789713197381634740
NH_2022_nlcd.tif	f553b61eea2627a4724c5c4980ddc8f831e002332b5a7bea40ea0d5e53ed925c	14778785	1789903934704533828
NH_2022_road_dist.tif	2331aa1d3d33f6dc34ddecba67c5b0956b659673e73a932b70aedc2b7aa8bd20	19492688	1790733845033650954
NH_2022_sclass.tif	9406a65cecde8eac61d52fdf7e3ad76ffcc12be10070ebe49a7a0853aaf79a8b	18383038	1789713197381634740
NH_2022_slope.tif	5011c6277f3910c85ce1f2c293f543afc1da08c95015e566b002f71904b33729	31278056	1789713197381634740
NH_2023_cc.tif	6be7e33f60a611dc25203998424f273267bc20f3da42761def35e3fedbd587a9	24145580	1789903944484725811
NH_2023_ch.tif	f03862c62549b26867904f478a8ba1b4d5ba13032e0647841c925eb497de2c46	17407953	1789903948634809674
NH_2023_evc.tif	46a9a6a575581f16a2fb1eb2b1f3630127f5f37d22cc875195706c8aa0c265f7	56243518	1789713197381634740
NH_2023_evh.tif	1adaa3a6f4cae1ed5c647d07a2e5ae120b96b66879a30751ced8fb44948d617c	33207436	1789713197381634740
NH_2023_evt.tif	5bee743e4ca0369a98042a6f2fd7cc79410ec65230b20615c5faef9a6fe182ed	23729306	1789713197381634740
NH_2023_fdist.tif	9e242dfaf998fbbcaee3420116f3c7585ccf51a06f853afad33e04e4f2e5bf6d	3093204	1789903950254842736
NH_2023_gradient.tif	34c231cfc67fd64618e43daa31ab4ae5496ea047a41aa8e94e3481e651ee0b60	63763872	1789713197381634740
NH_2023_nlcd.tif	07b62a6bda4157acc51427383a8cc9d18f08b4ffff92e7d5542384beb723f698	14765641	1789903953844913935
NH_2023_road_dist.tif	2331aa1d3d33f6dc34ddecba67c5b0956b659673e73a932b70aedc2b7aa8bd20	19492688	1790733845033650954
NH_2023_sclass.tif	9d1d52b304f56724a10e721ee637d8ae728ca69d3ec245f116782beb34a67c70	18267876	1789713197381634740
NH_2023_slope.tif	5011c6277f3910c85ce1f2c293f543afc1da08c95015e566b002f71904b33729	31278056	1789713197381634740
NH_2024_cc.tif	76876507843188c1ea1bf854a6a491472360dcd928e06063a84d6d90e4d847ec	24230135	1789903963725109531
NH_2024_ch.tif	5e759aea6d553f7e2d6fe8712a48cf4b1a55cf4075f2bd6cab9e2505e9280750	17544481	1789903967895195585
NH_2024_evc.tif	8d7ba7b50975ae381754e0b6fee60b1de8f95388d121fc3986704e422be0e382	56211320	1789713197381634740
NH_2024_evh.tif	0210282a4a2225f83191dcbfa6b14604c167452138647220e6b209b11ddadde5	33155384	1789713197381634740
NH_2024_evt.tif	92133c1931767538e43d87f96690c297acd3d103d72592a5af383c2aac556ac9	23704636	1789713197381634740
NH_2024_fdist.tif	fdd838d8df6699ae668643a9f151d6b73181c85fef9f85455b1aa9865d27b466	3454655	1789903969515232313
NH_2024_gradient.tif	34c231cfc67fd64618e43daa31ab4ae5496ea047a41aa8e94e3481e651ee0b60	63763872	1789713197391634941
NH_2024_nlcd.tif	4b511325ffce3cee7971c3d0d87b5f63ab89a0597e624d138d1f4e40d2658803	14782470	1789903973105313703
NH_2024_road_dist.tif	2331aa1d3d33f6dc34ddecba67c5b0956b659673e73a932b70aedc2b7aa8bd20	19492688	1790733845033650954
NH_2024_sclass.tif	5020eb356a84cbc7484bbdb764af53fa562fe389ca3af1fc69387749175b4988	18299330	1789713197381634740
NH_2024_slope.tif	5011c6277f3910c85ce1f2c293f543afc1da08c95015e566b002f71904b33729	31278056	1789713197391634941
NH_2025_cc.tif	4afb42980269de2e1d6a8898d2aad9aa21beb8fe4e7eff6709222934ecb9251e	520387	1789903974405343175
NH_2025_ch.tif	4afb42980269de2e1d6a8898d2aad9aa21beb8fe4e7eff6709222934ecb9251e	520387	1789903975565369357
NH_2025_evc.tif	488a18f2a32c2eda9eb3ac84b5b3c48c72006674f3ea1b357300c0148c16bd57	2609514	1789713197391634941
NH_2025_fdist.tif	4afb42980269de2e1d6a8898d2aad9aa21beb8fe4e7eff6709222934ecb9251e	520387	1789903976745393426
NH_2025_gradient.tif	34c231cfc67fd64618e43daa31ab4ae5496ea047a41aa8e94e3481e651ee0b60	63763872	1789713197391634941
NH_2025_nlcd.tif	fa0f31f9b72569a5cab66b19723b02d6ce14ec7971cbbd8d0b5e01c73a81b73e	14846567	1789903980325466453
NH_2025_road_dist.tif	2331aa1d3d33f6dc34ddecba67c5b0956b659673e73a932b70aedc2b7aa8bd20	19492688	1790733845033650954
NH_2025_slope.tif	5011c6277f3910c85ce1f2c293f543afc1da08c95015e566b002f71904b33729	31278056	1789713197391634941
VT_2016_nlcd.tif	b7cc6f5fa0c83bda76130a44600e18bfb2382d034b9d9f20be9d981a77ec585d	13546946	1789903983885540321
VT_2016_road_dist.tif	3e1840d8c8f9a2518bafd4c89795d157774e479801e676cac7c4126bc0a4c2ec	12734523	1789739872563717254
VT_2017_nlcd.tif	66d4d931e165101a857ec5bc4f3a4c4f133dd97bf1cfbfe94070afeb3ecc5663	13567825	1789903992405723992
VT_2017_road_dist.tif	3e1840d8c8f9a2518bafd4c89795d157774e479801e676cac7c4126bc0a4c2ec	12734523	1789739874013746373
VT_2018_nlcd.tif	0a2e3dc8319cec3e3fd124ff32363d047c21c9a7b4a7e681d98b44e404ee4a18	13599244	1789904000575898168
VT_2018_road_dist.tif	3e1840d8c8f9a2518bafd4c89795d157774e479801e676cac7c4126bc0a4c2ec	12734523	1789739875473775692
VT_2019_nlcd.tif	71b8ce8d7624f05af8595da07fd8066557d769f596c2909a5be41a6e25f9b355	13616932	1789904008696078929
VT_2019_road_dist.tif	3e1840d8c8f9a2518bafd4c89795d157774e479801e676cac7c4126bc0a4c2ec	12734523	1789739876923804811
VT_2020_gradient.tif	3f17039e184ad37d58f248710a5abaec95da67c4bf9d6d93446d45aecb4f7f5c	61148912	1789713197391634941
VT_2020_nlcd.tif	28c54df7b4ad83a10ed4bab57db80a1f811875b7c27eba2900301e806b51bdab	13640502	1789904016846261097
VT_2020_road_dist.tif	3e1840d8c8f9a2518bafd4c89795d157774e479801e676cac7c4126bc0a4c2ec	12734523	1789739878373833931
VT_2020_slope.tif	371ee29fa0ad2cc660f125b49a556954e0fe9eb1be97b4cc81290429cc98269f	30604456	1789713197391634941
VT_2021_nlcd.tif	7e7d414c66240b7d279b7c17992e871b7f79ef5f2cb4acf180d732dc854d02a1	13632833	1789904024916442725
VT_2021_road_dist.tif	3e1840d8c8f9a2518bafd4c89795d157774e479801e676cac7c4126bc0a4c2ec	12734523	1789739879833863251
VT_2022_cc.tif	615b18e1ff52cc301527efa4b657a97dd2a5c3e5fa0fe044557f6ab994224802	19224554	1789713197391634941
VT_2022_ch.tif	6e2a3fdb100cec7e0c409c00107be00a1d0af15d27d97a18b6eabd65a06c28ff	13662618	1789713197391634941
VT_2022_evc.tif	44ceac0213c5efbaaf3eddd17b8abd6a5ee4cda86ae128f8bb8c195d30b4d60d	50338566	1789713197391634941
VT_2022_evh.tif	da62bd8e7db9141a79ae30d029d41483ef228c74089dda398361d7093f5ff386	29480186	1789713197391634941
VT_2022_evt.tif	f36fc76479d2123d1d171c5868a609c87126b58f6bd292cee8f5366dbbb77b85	21874452	1789713197391634941
VT_2022_fdist.tif	73238db730144f84d9dac2db5a05d17abd8f06a090ed57a701174cf36a75e27b	3305100	1789713197391634941
VT_2022_gradient.tif	3f17039e184ad37d58f248710a5abaec95da67c4bf9d6d93446d45aecb4f7f5c	61148912	1789713197391634941
VT_2022_nlcd.tif	3443bc9ee17136eded062a25d54f08136d5d5dbca3449597a59097488cd49a9f	13649478	1789904033086615889
VT_2022_road_dist.tif	3e1840d8c8f9a2518bafd4c89795d157774e479801e676cac7c4126bc0a4c2ec	12734523	1789739881283892371
VT_2022_sclass.tif	39efacc6262e6d5fa2eb7b9afc838084bcb18ef90beb41fb9f375596c123de0c	17784314	1789713197391634941
VT_2022_slope.tif	371ee29fa0ad2cc660f125b49a556954e0fe9eb1be97b4cc81290429cc98269f	30604456	1789713197391634941
VT_2023_cc.tif	0a7c84ae1a4fbb2f63ea1a690627d8bf50512dc8955abef9a62c5f876815f2bd	19361082	1789713197391634941
VT_2023_ch.tif	6f7291c68d670df2a4f27ed2e0f14a51276f1bac03b1dd4ccfb0a51bb4c153ba	13944812	1789713197391634941
VT_2023_evc.tif	1532f4bdb80cf360050056879bc8b3a9ee270910fb713d85201d8e1737388d3b	52709648	1789713197391634941
VT_2023_evh.tif	505a95341dd25819f4cbac7354706505391f437f81e5c59a5e0eb46bd871c3c8	30376762	1789713197391634941
VT_2023_evt.tif	645fa1b2da53f00ecf7eea492b904ffd47f20a9014531c0d7cef74c6fe80d291	21683946	1789713197391634941
VT_2023_fdist.tif	bc9c6c76954fa38ffd67854e231c92ef2f6ff7147889aa0af60de9150737337e	3323712	1789713197391634941
VT_2023_gradient.tif	3f17039e184ad37d58f248710a5abaec95da67c4bf9d6d93446d45aecb4f7f5c	61148912	1789713197391634941
VT_2023_nlcd.tif	376c30609258d3855693f79c1bab13a8914d6fe5b1f3cbc743c009176b533b46	13652352	1789904041326788203
VT_2023_road_dist.tif	3e1840d8c8f9a2518bafd4c89795d157774e479801e676cac7c4126bc0a4c2ec	12734523	1789739882733921489
VT_2023_sclass.tif	c083840d7205686f518cc5cc9e85d42df5c2f0425d4fcf55d9851d9d4bbc0382	17845598	1789713197391634941
VT_2023_slope.tif	371ee29fa0ad2cc660f125b49a556954e0fe9eb1be97b4cc81290429cc98269f	30604456	1789713197391634941
VT_2024_cc.tif	1abafdccc99b4861284fb1c9cbe63b4bb28438ac202d21c3b3e45486dbc67e0f	19493910	1789713197391634941
VT_2024_ch.tif	963068328eaedcf947e82f0e1962804fe4017e3bf599c9841d2318382b3e00cc	14078256	1789713197391634941
VT_2024_evc.tif	f7feaf28b949dae5903b700fcd17eb55c7b0ff744c5ca7334d228af3b7015196	52810916	1789713197391634941
VT_2024_evh.tif	f21ae6990f42478cf9d968bddc0d8205c09cebfa67c989d45033d0b6f89b2e65	30358754	1789713197391634941
VT_2024_evt.tif	c844da4db0ac1834b9b0dfaeb5f8bfbae69b5f2506ba84e6e8c10bd997d362ff	21699912	1789713197391634941
VT_2024_fdist.tif	4790d2511d5f60fbb5c706c6db15fee5e346affa13ae61e4d492e2d4a7016b1e	3640902	1789713197391634941
VT_2024_gradient.tif	3f17039e184ad37d58f248710a5abaec95da67c4bf9d6d93446d45aecb4f7f5c	61148912	1789713197391634941
VT_2024_nlcd.tif	c4dd7b0bb2ef0d9f0c8307f424c476a10e7eb504f9ebf7d06dcab39551e2ac1a	13675348	1789904049526937810
VT_2024_road_dist.tif	3e1840d8c8f9a2518bafd4c89795d157774e479801e676cac7c4126bc0a4c2ec	12734523	1789739884183950609
VT_2024_sclass.tif	ad44154ace97db5013740fa95403bd41e3dcd39308d604fb9f1097326ff7a5e0	17967608	1789713197391634941
VT_2024_slope.tif	371ee29fa0ad2cc660f125b49a556954e0fe9eb1be97b4cc81290429cc98269f	30604456	1789713197391634941
VT_2025_cc.tif	5ac63e4e3181836e3b46c82a4ac1b265d5805c880fa9a0eb8ce5ea6725810051	2450078	1789713197391634941
VT_2025_ch.tif	2b164458ab8569031f572a40ab936308fd6aace46bb341f49b17d39715dda0b3	2450078	1789713197391634941
VT_2025_evc.tif	81f3117f8cd2e0a908c415ae081ff975d4ed7420535bb621cffd5c08c420cdd1	2450082	1789713197391634941
VT_2025_fdist.tif	8e5f1562b9ce8aa37885e847b62d3c82c962025b27086f3343556c79017ff72c	2450092	1789713197391634941
VT_2025_gradient.tif	3f17039e184ad37d58f248710a5abaec95da67c4bf9d6d93446d45aecb4f7f5c	61148912	1789713197391634941
VT_2025_nlcd.tif	c4c393e19001d43400fd12eee533467c31046b098b3793a0aaf07735388535df	13725279	1789904052976993143
VT_2025_road_dist.tif	3e1840d8c8f9a2518bafd4c89795d157774e479801e676cac7c4126bc0a4c2ec	12734523	1789739885643979929
VT_2025_slope.tif	371ee29fa0ad2cc660f125b49a556954e0fe9eb1be97b4cc81290429cc98269f	30604456	1789713197391634941
