longitude,latitude,label,split,source_file_region,side,point_set,score
-70.951614,44.83973,1,train,NH,ME,captured,0.6699406504631042
-70.96099,44.719265,1,train,NH,ME,captured,0.7119604349136353
-70.96903,44.861584,1,train,NH,ME,captured,0.7132595181465149
-70.98343,44.746433,1,train,NH,ME,captured,0.7264806628227234
-70.98467,44.848816,1,train,NH,ME,captured,0.7480202913284302
-71.0028,44.80983,1,train,NH,ME,captured,0.7068526148796082
-71.006325,44.863697,1,train,NH,ME,captured,0.7304875254631042
-71.01271,44.885933,1,train,NH,ME,captured,0.7384716272354126
-71.01458,44.818253,1,train,NH,ME,captured,0.6476019024848938
-71.017235,44.713623,1,train,NH,ME,captured,0.7243672013282776
-71.017334,44.81936,1,val,NH,ME,captured,0.6166536808013916
-71.0194,44.714783,1,train,NH,ME,captured,0.7540501952171326
-71.02734,44.817028,1,val,NH,ME,captured,0.6323946118354797
-71.04042,44.88101,1,train,NH,ME,captured,0.5818703174591064
-71.05122,44.704006,1,train,NH,NH,captured,0.6587165594100952
-71.05144,44.801113,1,train,NH,NH,captured,0.3628961145877838
-71.05164,44.864307,1,train,NH,NH,captured,0.28819024562835693
-71.052635,44.866497,1,train,NH,NH,captured,0.5680556893348694
-71.0582,44.87997,1,train,NH,NH,captured,0.7153396606445312
-71.05843,44.863243,1,train,NH,NH,captured,0.5032955408096313
-71.06183,44.83296,1,train,NH,NH,captured,0.5708100199699402
-71.062096,44.81979,1,train,NH,NH,captured,0.6317143440246582
-71.07586,44.831726,1,train,NH,NH,captured,0.7050699591636658
-71.08293,44.750347,1,train,NH,NH,captured,0.6812700629234314
-71.08939,44.82072,1,train,NH,NH,captured,0.7259398698806763
-71.099655,44.832073,1,train,NH,NH,captured,0.5569307804107666
-71.10004,44.810837,1,train,NH,NH,captured,0.870019793510437
-71.10884,44.73851,1,train,NH,NH,captured,0.6233348250389099
-71.111435,44.747,1,train,NH,NH,captured,0.7081760764122009
-71.119125,44.87755,1,train,NH,NH,captured,0.6556222438812256
-71.119774,44.748837,1,train,NH,NH,captured,0.7356299161911011
-71.122856,44.786987,1,train,NH,NH,captured,0.5158530473709106
-71.12453,44.853447,1,train,NH,NH,captured,0.6764071583747864
-71.12616,44.72765,1,val,NH,NH,captured,0.6641309857368469
-71.127205,44.752342,1,train,NH,NH,captured,0.6624806523323059
-71.12881,44.875187,1,train,NH,NH,captured,0.5437901020050049
-71.130066,44.782566,1,train,NH,NH,captured,0.06346113234758377
-71.133606,44.83271,1,train,NH,NH,captured,0.5353096723556519
-71.14435,44.738506,1,val,NH,NH,captured,0.7102695107460022
-71.15268,44.79503,1,val,NH,NH,captured,0.6220499873161316
-71.15369,44.78911,1,val,NH,NH,captured,0.5461620092391968
-71.1545,44.786495,1,val,NH,NH,captured,0.15865740180015564
-71.164955,44.803528,1,val,NH,NH,captured,0.034609727561473846
-71.16673,44.810364,1,train,NH,NH,captured,0.3228277862071991
-71.16709,44.748245,1,train,NH,NH,captured,0.7070586681365967
-71.17707,44.70905,1,train,NH,NH,captured,0.808050274848938
-71.177536,44.75287,1,train,NH,NH,captured,0.5727702379226685
-71.17965,44.72515,1,train,NH,NH,captured,0.7782018780708313
-71.18377,44.752678,1,train,NH,NH,captured,0.6509924530982971
-71.18563,44.80084,1,train,NH,NH,captured,0.19465649127960205
-71.18597,44.79723,1,train,NH,NH,captured,0.5951313376426697
-71.18918,44.79463,1,train,NH,NH,captured,0.6998444199562073
-71.21563,44.799294,1,train,NH,NH,captured,0.5325025916099548
-71.220894,44.886368,1,val,NH,NH,captured,0.8203116059303284
-71.225365,44.871464,1,train,NH,NH,captured,0.7233699560165405
-71.08432,44.882545,0,train,NH,NH,captured,0.6284463405609131
-71.115074,44.823544,0,train,NH,NH,captured,0.6481900811195374
-71.21033,44.701496,0,train,NH,NH,captured,0.6681148409843445
-71.05717,44.859764,0,train,NH,NH,captured,0.6311520934104919
-71.07524,44.881554,0,train,NH,NH,captured,0.28741422295570374
-71.11431,44.824326,0,train,NH,NH,captured,0.06253840029239655
-71.0722,44.748558,0,train,NH,NH,captured,0.5140920877456665
-71.05852,44.849705,0,train,NH,NH,captured,0.6630635261535645
-71.158325,44.87388,0,train,NH,NH,captured,0.5254319906234741
-71.09678,44.717243,0,val,NH,NH,captured,0.5331553816795349
-71.20945,44.87766,0,val,NH,NH,captured,0.10480403155088425
