accuracy,ap,auc,dropout,epoch,hedged_pct,logit_mean,logit_std,lr,pred_pos_pct,rank_score,strict_accuracy,threshold,train_accuracy,train_loss,tta_accuracy,tta_ap,tta_auc,tuned_accuracy,tuned_tta_accuracy,val_loss
58.976964769647694,0.6615821289982952,0.7527838048697982,0.4,1,97.01897018970189,0.4159957766532898,0.510100781917572,0.00029265847744427303,82.17028003613369,0.7075629602614981,2.5745257452574526,0.012682154774665833,68.8301282051282,0.5978659116304837,58.94308943089431,0.6622978624727726,0.7528280580502236,59.30442637759711,59.2140921409214,0.6631922390187444
64.80352303523036,0.6812477505751567,0.774025590567502,0.35000000000000003,2,72.76422764227642,0.29554644227027893,0.9440443515777588,0.0002713525491562421,72.00767841011744,0.7284691708292286,22.94489611562782,0.05275070667266846,72.86658653846153,0.551270020313752,64.67931345980126,0.6824488181584638,0.7744895234999933,65.5713640469738,65.67299006323395,0.6110259816790876
68.42818428184282,0.6830103534552351,0.777045015122773,0.30000000000000004,3,67.02800361336946,0.01286369375884533,1.2593176364898682,0.00023816778784387096,61.540198735320686,0.7316923661513093,27.506775067750677,0.03495839238166809,75.10016025641026,0.5239144349709536,68.29268292682927,0.6850792788184111,0.7783054534842073,68.76693766937669,68.97018970189703,0.5726112703428466
69.35411020776874,0.6762091168177663,0.7749857913090484,0.35000000000000003,4,61.87895212285456,-0.13873963057994843,1.4908702373504639,0.0001963525491562421,57.18157181571816,0.7284285808003077,31.571815718157183,-0.06235986948013306,76.61508413461539,0.5041996393448267,69.10569105691057,0.6795167798169242,0.7773403817836912,69.04923215898826,69.15085817524842,0.5649282839670845
69.38798554652213,0.6604975907744267,0.7657384311615351,0.4,5,58.76242095754291,-0.22822582721710205,1.6356221437454224,0.00015,54.73125564588979,0.7174734671215407,34.23667570009034,-0.033114999532699585,78.34535256410257,0.48115016252566606,69.42186088527552,0.6656811515069208,0.7692657827361606,69.34281842818429,69.28635953026196,0.5724735966435185
69.51219512195122,0.6531068904955573,0.76107998073173,0.45,6,55.465221318879856,-0.2738586664199829,1.7558014392852783,0.0001036474508437579,53.364950316169825,0.7131598766310191,36.088527551942185,0.05077734217047691,79.79016426282051,0.464817144931891,69.64769647696477,0.659712892298691,0.7666068609633472,69.42186088527552,69.69286359530263,0.5812598472257509
69.41056910569105,0.6504571695404863,0.7591606674415983,0.5,7,51.76151761517615,-0.3198225498199463,1.8718762397766113,6.183221215612905e-05,52.08897922312556,0.7128502640704515,38.572719060523944,-0.06595668196678162,80.75420673076923,0.4525956373948317,69.87353206865401,0.6593465424942718,0.7663539856466312,69.43315266485999,69.42186088527552,0.5890098785427959
69.03794037940379,0.649729182660222,0.7573121903313744,0.55,8,51.30984643179766,-0.3675259053707123,1.923002004623413,2.86474508437579e-05,50.22583559168925,0.7123939619405457,39.06955736224029,0.024303138256072998,81.42027243589743,0.44155243115547377,69.91869918699187,0.6595482478268087,0.7652396760542828,69.10569105691057,69.96386630532973,0.593565461004545
69.17344173441734,0.648217818705514,0.755883652066779,0.6000000000000001,9,50.0,-0.39486923813819885,1.9841843843460083,7.341522555726971e-06,49.68383017163505,0.7112811867182858,40.06323396567299,-0.0039764344692230225,82.08383413461539,0.43397208971854967,69.82836495031617,0.6581774988627287,0.7643848745738429,69.1847335140018,69.78319783197831,0.5988078681649447
68.97018970189701,0.6449726456946632,0.7541509897788626,0.6500000000000001,10,49.68383017163505,-0.39876893162727356,1.988360047340393,0.0,49.14182475158085,0.7094336424900958,40.243902439024396,0.027142107486724854,82.0137219551282,0.4328004885942508,69.60252935862692,0.6554723550888367,0.7633949298913548,68.99277326106595,69.60252935862692,0.6026042879650801
