set,region,split,is_nonveg,longitude,latitude,d_m,nearest_outside
C,ME,train,False,-70.27172,46.207695,202.4,CA/sea
C,ME,train,True,-69.26836,47.416653,30.433,CA/sea
C,ME,train,True,-69.26533,47.419594,31.012,CA/sea
C,ME,train,True,-69.262634,47.42221,31.524,CA/sea
C,ME,train,True,-69.24669,47.43768,34.415,CA/sea
C,ME,train,True,-69.24021,47.44406,29.47,CA/sea
C,ME,train,True,-69.23742,47.446693,34.602,CA/sea
C,ME,train,False,-69.23717,47.447037,28.174,CA/sea
C,ME,train,True,-68.66169,47.233765,269.716,CA/sea
C,ME,train,True,-68.61436,47.242348,211.749,CA/sea
C,ME,val,True,-68.59265,47.25701,164.328,CA/sea
C,ME,train,False,-68.51301,47.294323,213.43,CA/sea
C,ME,train,True,-68.50477,47.294025,233.277,CA/sea
C,ME,train,False,-68.37949,47.3335,130.098,CA/sea
C,ME,train,False,-68.30642,47.354553,97.627,CA/sea
C,ME,val,False,-68.288315,47.359047,110.058,CA/sea
C,ME,val,True,-68.2727,47.353485,164.762,CA/sea
C,ME,train,True,-68.22734,47.34931,210.72,CA/sea
C,ME,train,False,-68.15196,47.308384,81.64,CA/sea
C,ME,val,True,-68.057076,47.2517,232.724,CA/sea
C,ME,train,False,-68.020546,47.23576,210.216,CA/sea
C,ME,val,True,-67.93204,47.158676,130.162,CA/sea
C,ME,val,True,-67.892685,47.11902,263.601,CA/sea
C,ME,train,False,-67.7918,46.844864,175.152,CA/sea
C,ME,val,True,-67.72102,45.660526,168.929,CA/sea
C,ME,train,True,-67.43803,45.529144,240.87,CA/sea
C,ME,train,True,-67.31557,45.13577,237.488,CA/sea
C,NH,train,False,-71.738945,42.709007,211.472,MA
C,NH,train,True,-71.52168,42.703632,154.581,MA
C,NH,train,True,-71.49456,45.05756,236.246,CA/sea
C,NH,train,True,-71.493614,45.029156,262.823,CA/sea
C,NH,train,True,-71.49157,45.03122,179.171,CA/sea
C,NH,train,True,-71.363304,42.70035,236.296,MA
C,NH,train,True,-71.10478,45.28509,260.029,CA/sea
C,NH,train,True,-71.05765,42.83071,208.517,MA
C,NH,train,True,-71.05365,42.83787,176.155,MA
C,NH,val,False,-70.9898,42.867085,169.604,MA
C,NH,val,True,-70.98771,42.867542,186.684,MA
C,NH,train,True,-70.86227,42.86999,59.287,MA
C,NH,train,True,-70.85758,42.867146,48.605,MA
C,NH,train,False,-70.83393,42.86761,115.973,MA
C,VT,train,True,-73.4218,44.0345,212.704,NY
C,VT,train,True,-73.415794,44.03201,194.997,NY
C,VT,train,True,-73.40426,43.573326,253.498,NY
C,VT,val,True,-73.40374,43.573532,298.198,NY
C,VT,val,True,-73.403564,43.573288,286.785,NY
C,VT,val,True,-73.402985,43.57272,255.937,NY
C,VT,val,True,-73.40207,43.57137,150.411,NY
C,VT,val,True,-73.39561,43.56975,38.361,NY
C,VT,val,True,-73.39199,43.570286,30.896,NY
C,VT,val,False,-73.38735,43.5858,276.15,NY
C,VT,val,True,-73.384285,43.597378,62.961,NY
C,VT,val,False,-73.38281,43.59231,71.555,NY
C,VT,val,True,-73.382385,43.591824,15.469,NY
C,VT,val,True,-73.38234,43.592113,28.917,NY
C,VT,train,True,-73.37502,43.620464,290.93,NY
C,VT,train,True,-73.37454,43.60348,80.402,NY
C,VT,train,True,-73.37081,43.619255,65.254,NY
C,VT,train,True,-73.36078,43.62452,20.931,NY
C,VT,train,True,-73.35185,43.623913,36.422,NY
C,VT,train,True,-73.350685,43.62389,111.102,NY
C,VT,train,True,-73.27583,42.873676,84.638,NY
C,VT,val,True,-73.251915,43.379364,13.902,NY
C,VT,train,True,-73.25189,43.353413,111.148,NY
C,VT,train,True,-73.25088,43.352898,194.567,NY
C,VT,train,True,-73.25059,43.352486,219.688,NY
C,VT,train,True,-73.25025,43.352013,249.017,NY
C,VT,train,True,-73.24982,43.35144,286.099,NY
C,VT,train,False,-73.248184,43.406605,221.516,NY
C,VT,train,True,-73.247986,43.555176,149.965,NY
C,VT,val,False,-73.24736,42.74634,90.88,MA
C,VT,train,False,-73.24688,43.514538,14.769,NY
C,VT,val,True,-73.246056,43.521572,38.007,NY
C,VT,val,True,-73.2427,45.010178,259.843,CA/sea
C,VT,train,True,-73.21258,42.745712,94.684,MA
C,VT,train,False,-73.20972,42.745564,83.917,MA
C,VT,train,False,-73.20491,42.74512,44.501,MA
C,VT,train,True,-73.187805,42.74462,24.352,MA
C,VT,train,False,-73.15539,42.744144,40.105,MA
C,VT,train,True,-73.07394,42.744232,230.353,MA
C,VT,train,True,-73.04895,45.014015,186.393,CA/sea
C,VT,train,False,-72.67658,42.733322,42.634,MA
C,VT,train,True,-72.20186,45.0043,125.058,CA/sea
C,VT,train,True,-72.19803,45.003197,253.942,CA/sea
C,VT,train,True,-72.196976,45.00417,147.388,CA/sea
C,VT,train,True,-72.14172,45.00493,103.649,CA/sea
C,VT,train,True,-72.1408,45.004047,200.937,CA/sea
C,VT,val,True,-71.62815,45.011482,108.482,CA/sea
N,ME,train,False,-70.27172,46.207695,202.4,CA/sea
N,ME,train,True,-69.26533,47.419594,31.012,CA/sea
N,ME,train,False,-69.23717,47.447037,28.174,CA/sea
N,ME,train,False,-68.51301,47.294323,213.43,CA/sea
N,ME,train,False,-68.30642,47.354553,97.627,CA/sea
N,ME,train,False,-68.15196,47.308384,81.64,CA/sea
N,ME,val,True,-68.057076,47.2517,232.724,CA/sea
N,ME,val,True,-67.93204,47.158676,130.162,CA/sea
N,ME,train,False,-67.7918,46.844864,175.152,CA/sea
N,NH,train,True,-71.363304,42.70035,236.296,MA
N,VT,train,True,-73.415794,44.03201,194.997,NY
N,VT,val,False,-73.38281,43.59231,71.555,NY
N,VT,val,True,-73.382385,43.591824,15.469,NY
N,VT,train,True,-73.37502,43.620464,290.93,NY
N,VT,train,True,-73.37454,43.60348,80.402,NY
N,VT,val,False,-73.24736,42.74634,90.88,MA
N,VT,train,False,-73.24688,43.514538,14.769,NY
N,VT,train,False,-73.20972,42.745564,83.917,MA
N,VT,train,False,-73.15539,42.744144,40.105,MA
N,VT,train,False,-72.67658,42.733322,42.634,MA
N,VT,train,True,-72.20186,45.0043,125.058,CA/sea
N,VT,train,True,-72.19803,45.003197,253.942,CA/sea
N,VT,train,True,-72.1408,45.004047,200.937,CA/sea
