stage,bin_lo,bin_hi,count,mean_pred,observed,gap
before,0.0000,0.0667,121,0.03727096691727638,0.0,0.03727096691727638
before,0.0667,0.1333,94,0.09841365367174149,0.0,0.09841365367174149
before,0.1333,0.2000,89,0.16568633913993835,0.11235955357551575,0.05332678556442261
before,0.2000,0.2667,86,0.23554040491580963,0.11627907305955887,0.11926133185625076
before,0.2667,0.3333,105,0.2995758056640625,0.22857142984867096,0.07100437581539154
before,0.3333,0.4000,122,0.37020644545555115,0.26229506731033325,0.1079113781452179
before,0.4000,0.4667,138,0.4347023367881775,0.30434781312942505,0.13035452365875244
before,0.4667,0.5333,201,0.5018165111541748,0.3781094551086426,0.12370705604553223
before,0.5333,0.6000,181,0.5688988566398621,0.4364641010761261,0.13243475556373596
before,0.6000,0.6667,309,0.6360512971878052,0.48543688654899597,0.1506144106388092
before,0.6667,0.7333,338,0.7024414539337158,0.7011834383010864,0.0012580156326293945
before,0.7333,0.8000,297,0.7664101123809814,0.680134654045105,0.08627545833587646
before,0.8000,0.8667,122,0.8256254196166992,0.7950819730758667,0.03054344654083252
before,0.8667,0.9333,11,0.8811464905738831,0.8181818127632141,0.06296467781066895
before,0.9333,1.0000,0,,,
after,0.0000,0.0667,234,0.027530983090400696,0.008547008968889713,0.018983974121510983
after,0.0667,0.1333,128,0.09980103373527527,0.1171875,0.01738646626472473
after,0.1333,0.2000,120,0.1659427285194397,0.18333333730697632,0.01739060878753662
after,0.2000,0.2667,133,0.2358768880367279,0.27067670226097107,0.034799814224243164
after,0.2667,0.3333,132,0.3011418581008911,0.31060606241226196,0.00946420431137085
after,0.3333,0.4000,167,0.36685916781425476,0.371257483959198,0.004398316144943237
after,0.4000,0.4667,158,0.43128180503845215,0.37974682450294495,0.0515349805355072
after,0.4667,0.5333,190,0.5024615526199341,0.4842105209827423,0.018251031637191772
after,0.5333,0.6000,241,0.5641915798187256,0.5311203598976135,0.03307121992111206
after,0.6000,0.6667,271,0.6333328485488892,0.723247230052948,0.08991438150405884
after,0.6667,0.7333,227,0.700287401676178,0.6828193664550781,0.017468035221099854
after,0.7333,0.8000,151,0.761131763458252,0.7417218685150146,0.019409894943237305
after,0.8000,0.8667,58,0.8244131803512573,0.7413793206214905,0.08303385972976685
after,0.8667,0.9333,4,0.8891459107398987,1.0,0.11085408926010132
after,0.9333,1.0000,0,,,
