pair,side,row,col,lon,lat,evt,evh,evc,sclass,fdist,nlcd,ch,cc,tcc,road_dist,tsd,balive,tpa_live,qmd,carbon_dwn,road_dist_m,missing_at_centre,prob
0,ME,1974,4445,-70.976979,44.867775,7373,113,187,2,0,42,110.00000238418579,85.00000238418579,75.0,3770.9999084472656,3434.000015258789,1350.000023841858,7465.999722480774,377.00000405311584,488.0000054836273,42.42346262241479,,0.2877938151359558
0,NH,1903,4212,-71.065262,44.887395,7373,113,187,2,0,42,110.00000238418579,85.00000238418579,80.0000011920929,6383.000016212463,3434.000015258789,1350.000023841858,7465.999722480774,377.00000405311584,488.0000054836273,590.7001577057125,,0.4068527817726135
1,ME,2374,4348,-71.014921,44.760014,7555,116,162,3,0,43,150.0,64.99999761581421,83.99999737739563,6531.000137329102,3434.000015258789,694.9999928474426,7031.999826431274,335.999995470047,223.00000488758087,685.0840467359674,,0.6256104707717896
1,NH,1976,4115,-71.102276,44.867862,7555,116,162,3,0,43,150.0,64.99999761581421,88.99999856948853,6769.999861717224,3434.000015258789,1463.0000591278076,6984.000205993652,499.00001287460327,672.9999780654907,870.3117735033536,,0.42161211371421814
2,ME,2439,4464,-70.971153,44.742233,7373,117,179,2,0,90,189.9999976158142,75.0,82.99999833106995,6277.9998779296875,3434.000015258789,1523.0000019073486,7623.999714851379,368.99998784065247,689.9999976158142,531.7220883343194,,0.5311781764030457
2,NH,2047,4226,-71.060315,44.848503,7373,117,179,2,0,90,189.9999976158142,75.0,86.00000143051147,3770.9999084472656,3434.000015258789,1523.0000019073486,7623.999714851379,368.99998784065247,689.9999976158142,42.42346262241479,,0.3631778657436371
3,ME,2319,4299,-71.033342,44.774954,7292,11,11,111,0,11,0.0,0.0,0.0,7322.999835014343,3434.000015258789,0.0,0.0,0.0,0.0,1513.7411344808527,,0.016798675060272217
3,NH,1919,4244,-71.05315,44.883017,7292,11,11,111,0,11,0.0,0.0,5.000000074505806,5889.000296592712,3434.000015258789,0.0,0.0,0.0,0.0,360.0441668133896,,0.07251410186290741
4,ME,2238,4436,-70.981172,44.796541,7481,113,181,2,0,90,150.0,85.00000238418579,76.99999809265137,6248.000264167786,3434.000015258789,1429.0000200271606,7523.000240325928,377.00000405311584,532.9999923706055,515.9779709232239,,0.4469377100467682
4,NH,2107,4245,-71.05326,44.832274,7481,113,181,2,0,90,150.0,85.00000238418579,75.0,5749.99988079071,3434.000015258789,1600.000023841858,7358.999848365784,432.0000112056732,620.9999918937683,313.19062283125106,,0.2502216696739197
5,ME,2235,4438,-70.980405,44.797347,7373,117,188,2,0,90,189.9999976158142,94.9999988079071,75.0,6262.999773025513,3434.000015258789,1523.0000019073486,7623.999714851379,368.99998784065247,689.9999976158142,523.7908346556632,,0.4583081305027008
5,NH,2264,4033,-71.134054,44.790265,7373,117,188,2,0,90,189.9999976158142,94.9999988079071,74.00000095367432,6521.999835968018,3434.000015258789,1827.0000219345093,8235.999941825867,298.0000078678131,537.9999876022339,678.9367886407274,,0.4766922891139984
6,ME,1964,4413,-70.989099,44.870541,7302,112,167,5,0,41,110.00000238418579,64.99999761581421,85.00000238418579,6836.000084877014,2890.000104904175,275.0000059604645,5938.0000829696655,365.00000953674316,94.9999988079071,929.758723145465,,0.4970245957374573
6,NH,1890,4069,-71.119543,44.89115,7302,112,167,5,0,41,110.00000238418579,64.99999761581421,86.00000143051147,4562.999904155731,2996.000051498413,398.00000190734863,5999.000072479248,425.9999990463257,238.99999260902405,94.8706516370112,,0.37759798765182495
7,ME,2160,4430,-70.983219,44.817606,7302,113,174,5,0,41,150.0,75.0,74.00000095367432,5889.000296592712,2996.000051498413,591.0000205039978,4208.000004291534,1279.9999713897705,400.0000059604645,360.0441668133896,,0.6565629243850708
7,NH,1890,3945,-71.166642,44.891344,7302,113,174,5,0,41,150.0,75.0,77.99999713897705,6276.000142097473,2484.999895095825,0.0,0.0,0.0,0.0,530.6578493387447,,0.28914374113082886
