region,longitude,latitude,split_old,split_new
ME,-70.987595,44.846684,val,train
ME,-70.98707,44.84627,val,train
ME,-70.977325,44.847073,val,train
ME,-70.976524,44.106262,val,train
ME,-70.975075,44.111347,val,train
ME,-70.975,44.834236,val,train
ME,-70.97363,44.83429,val,train
ME,-70.96833,43.74676,train,val
ME,-70.965454,43.749382,train,val
ME,-70.95718,43.75594,train,val
ME,-70.914,43.9237,train,val
ME,-70.91,43.934395,train,val
ME,-70.88677,43.925102,train,val
ME,-70.81085,43.599037,train,val
ME,-70.80888,43.600143,train,val
ME,-70.80545,44.429386,train,val
ME,-70.80501,44.42058,train,val
ME,-70.79873,44.544598,val,train
ME,-70.798134,43.599194,train,val
ME,-70.7979,44.423176,train,val
ME,-70.793846,44.54419,val,train
ME,-70.787346,44.413517,train,val
ME,-70.78712,44.40442,train,val
ME,-70.7791,44.41745,train,val
ME,-70.69809,45.350376,val,train
ME,-70.605354,43.638893,train,val
ME,-70.60478,43.652275,train,val
ME,-70.52584,44.914516,val,train
ME,-70.52301,44.91725,val,train
ME,-70.52235,44.90711,val,train
ME,-70.51149,43.427505,train,val
ME,-70.42943,44.418827,train,val
ME,-70.42836,44.413715,train,val
ME,-70.42376,44.42667,train,val
ME,-70.40538,43.432755,val,train
ME,-70.40492,43.432617,val,train
ME,-70.39348,43.45399,val,train
ME,-70.39274,43.456177,val,train
ME,-70.39094,43.45394,val,train
ME,-70.39083,43.455128,val,train
ME,-70.382576,43.44435,val,train
ME,-70.3823,43.445076,val,train
ME,-70.38202,43.444477,val,train
ME,-70.381096,43.450912,val,train
ME,-70.380035,43.445225,val,train
ME,-70.37844,43.44894,val,train
ME,-70.37619,43.428715,val,train
ME,-70.3537,43.758698,val,train
ME,-70.35032,43.76258,val,train
ME,-70.34194,43.767105,val,train
ME,-70.34134,43.781124,val,train
ME,-70.34065,43.758602,val,train
ME,-70.333664,43.76736,val,train
ME,-70.33156,43.771996,val,train
ME,-70.31158,43.887775,train,val
ME,-70.30395,44.108498,train,val
ME,-70.30225,43.89442,train,val
ME,-70.30118,43.89367,train,val
ME,-70.29884,44.096752,train,val
ME,-70.29817,44.09726,train,val
ME,-70.29746,44.098846,train,val
ME,-70.29689,44.097187,train,val
ME,-70.29655,44.095634,train,val
ME,-70.28973,43.723354,train,val
ME,-70.287575,43.722008,train,val
ME,-70.2861,43.721233,train,val
ME,-70.28552,43.719784,train,val
ME,-70.284485,43.738163,train,val
ME,-70.27914,43.721706,train,val
ME,-70.27697,43.890335,train,val
ME,-70.27528,43.68846,train,val
ME,-70.27426,43.739532,train,val
ME,-70.273056,43.73752,train,val
ME,-70.271324,43.69185,train,val
ME,-70.26744,43.69928,train,val
ME,-70.261406,43.699844,train,val
ME,-70.25759,43.68376,train,val
ME,-70.25709,43.689354,train,val
ME,-70.238525,43.699924,train,val
ME,-70.235954,43.698082,train,val
ME,-70.230484,43.60107,val,train
ME,-70.22794,43.60293,val,train
ME,-70.226845,43.602753,val,train
ME,-70.22634,43.602436,val,train
ME,-70.22563,43.60112,val,train
ME,-70.22506,43.60302,val,train
ME,-70.22242,43.595688,val,train
ME,-70.22239,43.60388,val,train
ME,-70.22228,43.606377,val,train
ME,-70.22225,43.601562,val,train
ME,-70.21953,43.60996,val,train
ME,-70.217674,43.5953,val,train
ME,-70.217285,43.60563,val,train
ME,-70.21646,43.61067,val,train
ME,-70.21487,43.609005,val,train
ME,-70.2146,43.614517,val,train
ME,-70.15656,45.175056,val,train
ME,-70.15648,45.174305,val,train
ME,-70.10586,43.82614,val,train
ME,-70.10563,44.023174,val,train
ME,-70.10068,43.829796,val,train
ME,-70.09964,43.84344,val,train
ME,-70.095955,43.842255,val,train
ME,-70.092384,43.822372,val,train
ME,-70.08696,43.841522,val,train
ME,-70.08679,43.8421,val,train
ME,-70.08622,43.82511,val,train
ME,-70.085686,43.842026,val,train
ME,-70.08437,43.83744,val,train
ME,-70.081375,43.831573,val,train
ME,-70.07708,44.011932,val,train
ME,-70.07591,43.82862,val,train
ME,-69.965,44.390865,val,train
ME,-69.85668,46.093647,train,val
ME,-69.84085,44.44795,val,train
ME,-69.83476,44.4533,val,train
ME,-69.833534,44.46048,val,train
ME,-69.83193,44.46153,val,train
ME,-69.831276,44.43958,val,train
ME,-69.82361,44.458046,val,train
ME,-69.7996,44.086056,train,val
ME,-69.797775,45.58437,train,val
ME,-69.788734,45.599483,train,val
ME,-69.78164,44.077988,train,val
ME,-69.77603,43.869022,val,train
ME,-69.77361,45.59344,train,val
ME,-69.77102,43.86335,val,train
ME,-69.7679,43.876015,val,train
ME,-69.76359,43.87935,val,train
ME,-69.7576,43.864143,val,train
ME,-69.755745,44.35699,val,train
ME,-69.75308,43.862003,val,train
ME,-69.65846,44.635998,train,val
ME,-69.649826,44.62807,train,val
ME,-69.63088,44.114136,val,train
ME,-69.624176,44.115036,val,train
ME,-69.62298,44.11403,val,train
ME,-69.62295,44.114815,val,train
ME,-69.62224,44.11489,val,train
ME,-69.56809,45.461266,val,train
ME,-69.554436,45.46202,val,train
ME,-69.52635,45.480972,train,val
ME,-69.52296,45.468742,train,val
ME,-69.486176,44.103428,val,train
ME,-69.476036,44.10917,val,train
ME,-69.47533,44.104103,val,train
ME,-69.47205,44.086082,val,train
ME,-69.467606,44.086643,val,train
ME,-69.45992,44.10311,val,train
ME,-69.45103,45.499092,val,train
ME,-69.43344,44.3338,train,val
ME,-69.42435,44.340725,train,val
ME,-69.412575,44.33595,train,val
ME,-69.40924,44.34142,train,val
ME,-69.40296,44.34347,train,val
ME,-69.36244,46.14167,train,val
ME,-69.361404,45.502296,train,val
ME,-69.35441,46.145195,train,val
ME,-69.34789,46.147667,train,val
ME,-69.34577,46.15904,train,val
ME,-69.31975,44.68694,train,val
ME,-69.31308,44.67996,train,val
ME,-69.31235,44.678055,train,val
ME,-69.31203,44.677624,train,val
ME,-69.30333,44.680298,train,val
ME,-69.27051,45.676414,val,train
ME,-69.25505,44.453514,train,val
ME,-69.250175,44.451336,train,val
ME,-69.21478,44.312904,train,val
ME,-69.21467,44.76946,val,train
ME,-69.20917,44.770702,val,train
ME,-69.205795,44.760834,val,train
ME,-69.20542,45.945427,val,train
ME,-69.19529,45.952133,val,train
ME,-69.19449,44.772896,val,train
ME,-69.19216,45.954693,val,train
ME,-69.19135,44.75294,val,train
ME,-69.18871,44.741478,train,val
ME,-69.187004,44.72429,train,val
ME,-69.18663,44.72798,train,val
ME,-69.18613,44.74807,train,val
ME,-69.17187,44.741447,train,val
ME,-69.15386,44.1798,train,val
ME,-69.15361,44.7426,train,val
ME,-69.15198,44.17943,train,val
ME,-69.122185,45.14788,val,train
ME,-69.11122,45.149094,val,train
ME,-69.1088,45.14908,val,train
ME,-69.10554,44.99849,train,val
ME,-69.097885,44.733437,train,val
ME,-69.07714,44.753674,train,val
ME,-69.071625,45.911415,val,train
ME,-69.05372,44.078102,train,val
ME,-69.04299,44.075283,train,val
ME,-68.99061,46.617474,val,train
ME,-68.96095,46.611263,val,train
ME,-68.95603,44.342213,train,val
ME,-68.95581,44.339188,train,val
ME,-68.89209,45.778793,train,val
ME,-68.88667,45.780586,train,val
ME,-68.85656,44.75871,train,val
ME,-68.8335,44.751053,train,val
ME,-68.7553,45.58184,train,val
ME,-68.75522,44.739956,val,train
ME,-68.75469,44.73871,val,train
ME,-68.75234,44.726257,val,train
ME,-68.740906,44.740032,val,train
ME,-68.73961,44.722847,val,train
ME,-68.73672,44.71655,val,train
ME,-68.735825,44.724728,val,train
ME,-68.71574,45.276806,val,train
ME,-68.71146,44.964497,train,val
ME,-68.711395,44.963066,train,val
ME,-68.70879,45.295467,val,train
ME,-68.708626,44.978607,train,val
ME,-68.70795,45.275665,val,train
ME,-68.705864,45.292747,val,train
ME,-68.704056,44.973473,train,val
ME,-68.605736,44.60588,val,train
ME,-68.60424,44.60434,val,train
ME,-68.59807,44.62795,val,train
ME,-68.595604,44.62069,val,train
ME,-68.59514,44.62093,val,train
ME,-68.5899,44.610775,val,train
ME,-68.58919,44.622765,val,train
ME,-68.586945,44.59924,val,train
ME,-68.53458,44.22928,train,val
ME,-68.53387,44.22968,train,val
ME,-68.525215,45.00728,train,val
ME,-68.51731,45.02326,train,val
ME,-68.38999,44.808964,train,val
ME,-68.38636,44.799232,train,val
ME,-68.32174,44.74891,train,val
ME,-68.14468,47.025146,val,train
ME,-68.123146,47.0347,val,train
ME,-68.11929,47.011784,val,train
ME,-68.09364,45.36644,val,train
ME,-68.07185,45.380253,val,train
ME,-68.05121,44.368164,val,train
ME,-68.04948,44.365593,val,train
ME,-68.01866,44.459335,train,val
ME,-67.85993,44.515114,val,train
ME,-67.859795,44.50822,val,train
ME,-67.85794,44.498943,val,train
ME,-67.85593,44.504623,val,train
ME,-67.786804,44.590523,val,train
ME,-67.77731,44.566025,val,train
ME,-67.77563,44.570778,val,train
ME,-67.77205,44.569866,val,train
ME,-67.73204,45.49057,train,val
ME,-67.38532,44.676674,train,val
NH,-72.510025,42.782616,train,val
NH,-72.49943,42.784664,train,val
NH,-72.48921,42.796825,train,val
NH,-72.48782,42.7887,train,val
NH,-72.30832,43.660336,train,val
NH,-72.3046,43.66586,train,val
NH,-72.30394,43.667187,train,val
NH,-72.302414,43.67184,train,val
NH,-72.30096,43.67859,train,val
NH,-72.29803,42.85277,val,train
NH,-72.292366,42.869007,val,train
NH,-72.29234,42.855373,val,train
NH,-72.286255,42.862827,val,train
NH,-72.284874,42.873447,val,train
NH,-72.284325,42.872505,val,train
NH,-72.183975,43.18243,val,train
NH,-72.1713,43.184135,val,train
NH,-72.16702,43.184868,val,train
NH,-72.12462,43.35341,val,train
NH,-72.124306,43.84736,val,train
NH,-72.123955,43.36319,val,train
NH,-72.12336,43.369713,val,train
NH,-72.11838,43.40032,train,val
NH,-72.09643,43.771133,val,train
NH,-72.08657,43.772377,val,train
NH,-72.08609,43.756927,val,train
NH,-72.08448,43.39549,train,val
NH,-72.08392,43.400352,train,val
NH,-72.08272,43.39865,train,val
NH,-72.08252,43.39789,train,val
NH,-72.082375,43.407127,train,val
NH,-72.08203,43.766914,val,train
NH,-72.05196,43.360146,val,train
NH,-72.046196,43.368996,val,train
NH,-72.03275,43.36506,val,train
NH,-71.98006,43.702995,val,train
NH,-71.92098,42.959236,train,val
NH,-71.90839,42.967037,train,val
NH,-71.90455,43.931644,train,val
NH,-71.89769,42.955948,train,val
NH,-71.89751,42.955456,train,val
NH,-71.89423,43.92737,train,val
NH,-71.77792,43.705605,val,train
NH,-71.57335,43.17977,train,val
NH,-71.57252,43.179707,train,val
NH,-71.55663,43.177467,train,val
NH,-71.55118,43.180447,train,val
NH,-71.52492,43.966854,val,train
NH,-71.51878,43.972572,val,train
NH,-71.51553,43.961876,val,train
NH,-71.515495,43.957775,val,train
NH,-71.51097,43.969162,val,train
NH,-71.510796,43.95953,val,train
NH,-71.50958,43.969902,val,train
NH,-71.50705,43.964226,val,train
NH,-71.50473,43.952396,val,train
NH,-71.50075,43.963802,val,train
NH,-71.498886,43.96997,val,train
NH,-71.49669,43.975018,val,train
NH,-71.486565,43.11688,val,train
NH,-71.47876,43.128216,val,train
NH,-71.46484,43.13032,val,train
NH,-71.46483,43.8986,train,val
NH,-71.462425,43.116783,val,train
NH,-71.46232,43.129684,val,train
NH,-71.24626,43.83912,val,train
NH,-71.24408,43.098465,val,train
NH,-71.23189,43.099808,val,train
NH,-71.229836,43.102394,val,train
NH,-71.18337,42.931465,val,train
NH,-71.179596,42.941257,val,train
NH,-71.12557,44.18076,val,train
NH,-71.11394,42.99723,train,val
NH,-71.10955,44.173275,val,train
NH,-71.10225,44.1767,val,train
NH,-71.09924,43.004166,train,val
NH,-71.09622,42.983852,train,val
NH,-71.09211,43.849815,val,train
NH,-71.086784,42.993954,train,val
NH,-71.08582,43.864326,val,train
NH,-71.05064,43.863102,train,val
NH,-71.0438,43.862095,train,val
NH,-71.00142,43.09109,val,train
NH,-70.99011,43.07878,val,train
NH,-70.974525,43.08522,val,train
VT,-73.346176,44.66171,train,val
VT,-73.30651,44.878227,val,train
VT,-73.30289,44.879898,val,train
VT,-73.30166,44.871414,val,train
VT,-73.29094,44.885357,val,train
VT,-73.28752,44.87096,val,train
VT,-73.28495,44.88028,val,train
VT,-73.281166,44.334133,train,val
VT,-73.278824,42.812378,train,val
VT,-73.27724,44.33485,train,val
VT,-73.268265,44.331715,train,val
VT,-73.26743,44.331524,train,val
VT,-73.26657,44.343918,train,val
VT,-73.26281,44.332237,train,val
VT,-73.26128,44.350933,train,val
VT,-73.26041,44.346897,train,val
VT,-73.253044,42.849495,train,val
VT,-73.237755,42.854755,train,val
VT,-73.217125,44.464043,val,train
VT,-73.21248,44.46212,val,train
VT,-73.21211,44.47245,val,train
VT,-73.21207,44.47585,val,train
VT,-73.21151,44.459385,val,train
VT,-73.21052,44.464664,val,train
VT,-73.2091,44.464188,val,train
VT,-73.20864,44.465782,val,train
VT,-73.20842,44.456837,val,train
VT,-73.20828,44.458508,val,train
VT,-73.20575,44.4574,val,train
VT,-73.20494,44.460545,val,train
VT,-73.20479,44.456497,val,train
VT,-73.20377,44.47518,val,train
VT,-73.2026,43.58325,train,val
VT,-73.201385,44.474136,val,train
VT,-73.20037,44.470676,val,train
VT,-73.19928,44.471996,val,train
VT,-73.19736,44.47826,val,train
VT,-73.19538,44.466377,val,train
VT,-73.19506,43.58344,train,val
VT,-73.19498,44.47196,val,train
VT,-73.1943,44.4647,val,train
VT,-73.19405,44.453358,val,train
VT,-73.1934,44.47137,val,train
VT,-73.19337,44.455536,val,train
VT,-73.192314,44.47169,val,train
VT,-73.19089,44.452984,val,train
VT,-73.18892,44.452515,val,train
VT,-73.18676,44.47253,val,train
VT,-73.18391,44.453377,val,train
VT,-73.183784,44.456238,val,train
VT,-73.182335,44.46792,val,train
VT,-73.181725,44.456215,val,train
VT,-73.18145,44.467476,val,train
VT,-73.17578,44.47293,val,train
VT,-73.12884,44.486183,val,train
VT,-73.127625,44.474895,val,train
VT,-73.12666,44.495697,val,train
VT,-73.12617,44.49194,val,train
VT,-73.12529,44.47513,val,train
VT,-73.12082,44.4712,val,train
VT,-73.12055,44.48813,val,train
VT,-73.12016,44.488346,val,train
VT,-73.11987,44.49177,val,train
VT,-73.11745,44.470776,val,train
VT,-73.11693,44.470863,val,train
VT,-73.1114,44.48395,val,train
VT,-73.11097,44.49065,val,train
VT,-73.109245,44.478157,val,train
VT,-73.104904,44.48024,val,train
VT,-73.09876,44.486614,val,train
VT,-73.06285,43.31628,val,train
VT,-73.051254,43.315826,val,train
VT,-73.034676,43.306725,val,train
VT,-73.015015,44.62627,val,train
VT,-72.964226,43.73943,train,val
VT,-72.94386,43.45059,train,val
VT,-72.93749,43.26233,val,train
VT,-72.678795,43.65201,val,train
VT,-72.66192,43.924393,train,val
VT,-72.64372,43.089523,train,val
VT,-72.63937,43.08732,train,val
VT,-72.63584,44.32034,val,train
VT,-72.635284,44.30851,val,train
VT,-72.62771,43.10114,train,val
VT,-72.62739,43.0895,train,val
VT,-72.567986,44.38455,val,train
VT,-72.56788,44.376842,val,train
VT,-72.55361,43.568512,train,val
VT,-72.54913,44.372177,val,train
VT,-72.546455,43.58219,train,val
VT,-72.542694,42.95176,val,train
VT,-72.54232,43.56858,train,val
VT,-72.5365,43.585426,train,val
VT,-72.53469,43.394722,train,val
VT,-72.53165,42.972466,val,train
VT,-72.53135,42.95824,val,train
VT,-72.52757,42.95727,val,train
VT,-72.52736,42.958305,val,train
VT,-72.52732,42.957554,val,train
VT,-72.52665,42.975494,val,train
VT,-72.52358,42.967854,val,train
VT,-72.52356,42.96732,val,train
VT,-72.52173,42.97478,val,train
VT,-72.51945,42.972622,val,train
VT,-72.51215,43.416103,train,val
VT,-72.51129,42.96859,val,train
VT,-72.51032,42.96958,val,train
VT,-72.50742,43.41275,train,val
VT,-72.50721,43.39727,train,val
VT,-72.503204,43.409184,train,val
VT,-72.5029,43.40954,train,val
VT,-72.44476,43.349087,val,train
VT,-72.444374,43.348984,val,train
VT,-72.44214,43.355633,val,train
VT,-72.44162,43.355743,val,train
VT,-72.43839,43.348557,val,train
VT,-72.434265,43.35503,val,train
VT,-72.41939,43.345455,val,train
VT,-72.41883,43.35584,val,train
VT,-72.40711,43.352657,val,train
VT,-72.37716,43.759464,val,train
VT,-72.37557,44.658604,train,val
VT,-72.373886,43.76453,val,train
VT,-72.372826,43.77235,val,train
VT,-72.37101,44.666634,train,val
VT,-72.36854,43.769447,val,train
VT,-72.362,43.754307,val,train
VT,-72.36074,43.75118,val,train
VT,-72.34401,44.471733,train,val
VT,-72.33975,43.76852,val,train
VT,-72.336975,43.76863,val,train
VT,-72.32928,44.474693,train,val
VT,-72.32614,44.47967,train,val
VT,-72.326065,43.671837,train,val
VT,-72.32223,43.665306,train,val
VT,-72.321106,43.664402,train,val
VT,-72.31809,44.465633,train,val
VT,-72.317314,43.66247,train,val
VT,-72.3152,44.466984,train,val
VT,-72.315155,43.82101,train,val
VT,-72.31284,43.678963,train,val
VT,-72.31245,43.665276,train,val
VT,-72.312164,43.680027,train,val
VT,-72.31201,43.674706,train,val
VT,-72.31179,43.6805,train,val
VT,-72.309364,43.683544,train,val
VT,-72.30546,43.6735,train,val
VT,-72.30456,43.668118,train,val
VT,-72.30443,43.80093,train,val
VT,-72.30438,43.668552,train,val
VT,-72.30381,43.6791,train,val
VT,-72.30375,43.674458,train,val
VT,-72.303,43.67447,train,val
VT,-72.300545,43.79413,train,val
VT,-72.29653,43.817955,train,val
VT,-72.28933,43.795704,train,val
VT,-72.288475,43.795364,train,val
VT,-72.28833,43.79489,train,val
VT,-72.28661,43.809647,train,val
VT,-72.27592,43.789677,train,val
VT,-72.26255,43.794052,train,val
VT,-72.25874,43.813072,train,val
VT,-72.15287,44.91602,val,train
VT,-72.10253,44.243828,val,train
VT,-71.90307,44.86968,train,val
