block_id,split,n
591_874,train,1
591_876,train,1
591_885,val,2
592_884,train,1
592_885,train,1
593_884,train,1
594_869,train,2
594_883,val,1
594_884,train,1
594_885,train,1
595_869,train,1
595_872,train,1
596_857,train,1
596_866,val,1
596_868,train,2
596_869,train,1
596_887,train,1
597_860,train,1
597_862,train,1
597_864,train,3
597_868,train,1
597_870,train,1
597_872,train,1
597_874,train,1
597_887,train,1
598_843,val,1
598_859,train,2
598_860,train,1
598_862,val,1
598_863,val,1
598_866,train,1
598_868,train,1
598_870,train,5
598_880,train,1
598_881,train,1
599_833,train,1
599_834,train,1
599_851,train,1
599_852,train,1
599_863,train,1
599_866,train,1
599_871,train,1
599_874,train,1
599_881,val,1
600_839,train,2
600_862,train,1
600_863,train,1
600_873,train,3
600_877,train,1
601_840,val,1
601_841,train,1
601_851,val,1
601_856,train,1
601_857,train,2
601_858,train,1
601_861,train,1
601_862,train,4
601_863,train,1
601_865,train,3
601_866,train,4
601_869,val,1
601_870,train,2
601_882,val,1
601_887,train,2
602_846,val,1
602_847,train,1
602_850,train,1
602_852,train,1
602_861,train,1
602_862,train,4
602_863,val,4
602_864,train,1
602_867,train,1
602_868,train,4
602_869,val,2
602_870,train,1
602_873,train,1
602_874,val,1
602_875,train,1
603_838,train,1
603_840,train,1
603_857,train,1
603_862,val,2
603_863,train,3
603_864,train,1
603_866,train,1
603_868,val,2
603_869,train,2
603_871,train,1
603_876,train,7
603_881,train,1
604_832,train,1
604_834,train,1
604_845,train,1
604_849,train,2
604_850,train,1
604_854,train,1
604_855,train,1
604_856,train,1
604_857,train,1
604_862,train,1
604_863,train,1
604_864,train,1
604_868,train,1
604_870,train,1
604_871,val,3
604_874,train,2
604_882,val,1
605_833,val,2
605_836,val,1
605_839,train,1
605_843,val,2
605_844,val,1
605_850,train,1
605_855,val,4
605_857,train,1
605_859,train,2
605_860,val,1
605_861,train,2
605_863,train,1
605_864,train,1
605_865,val,1
605_866,train,1
605_867,train,2
605_870,train,1
605_873,train,2
605_875,train,2
605_876,train,1
605_881,train,1
606_824,train,1
606_825,train,1
606_830,train,2
606_832,train,1
606_833,train,2
606_843,train,1
606_848,train,1
606_849,train,1
606_850,train,6
606_851,train,2
606_852,val,1
606_853,train,1
606_854,train,2
606_857,val,2
606_858,train,5
606_859,train,2
606_860,train,2
606_862,train,1
606_863,train,1
606_867,train,2
606_868,train,2
606_870,train,1
606_871,train,4
606_872,train,3
606_881,train,1
606_885,val,1
607_831,train,1
607_836,train,2
607_837,train,1
607_842,train,1
607_847,train,2
607_848,train,2
607_849,val,3
607_850,train,2
607_851,train,1
607_853,val,2
607_856,train,2
607_857,train,3
607_858,train,2
607_860,train,1
607_862,train,1
607_863,train,3
607_867,val,2
607_868,val,2
607_871,train,1
607_872,train,3
607_873,val,2
607_877,train,1
607_878,train,1
607_887,train,2
607_890,train,1
608_824,val,1
608_837,train,3
608_838,train,3
608_840,train,1
608_845,train,1
608_846,train,1
608_847,train,1
608_848,train,1
608_849,train,5
608_850,val,2
608_851,train,1
608_852,train,1
608_853,train,2
608_854,train,1
608_855,train,1
608_859,train,1
608_860,train,6
608_861,train,3
608_862,train,1
608_865,train,1
608_868,train,1
608_874,train,1
608_881,train,2
608_884,train,1
608_887,train,1
609_810,train,1
609_812,train,1
609_820,train,1
609_823,train,1
609_841,train,1
609_845,train,2
609_846,train,2
609_848,train,1
609_856,train,3
609_860,train,1
609_861,train,1
609_866,train,3
609_867,train,1
609_868,train,1
609_869,train,3
609_870,train,2
609_871,train,1
609_872,train,1
609_873,train,1
609_877,train,3
609_879,train,1
609_881,train,2
609_882,train,1
610_809,val,1
610_811,train,1
610_812,train,1
610_814,train,2
610_815,train,4
610_816,train,1
610_827,val,2
610_831,train,1
610_832,val,1
610_841,train,1
610_842,train,1
610_843,train,1
610_846,val,3
610_852,train,1
610_855,train,1
610_858,val,1
610_859,train,1
610_861,train,1
610_862,train,3
610_866,train,1
610_867,train,1
610_868,val,1
610_870,train,2
610_873,train,1
610_874,train,1
610_881,train,2
610_882,train,1
610_883,train,1
610_885,train,1
610_886,train,1
610_888,train,2
610_890,train,2
610_891,train,1
611_809,val,1
611_813,val,1
611_814,train,1
611_817,train,1
611_820,train,1
611_821,train,1
611_822,train,1
611_823,val,1
611_827,val,2
611_829,train,1
611_839,val,1
611_841,train,2
611_842,train,1
611_843,val,2
611_844,train,1
611_847,train,1
611_849,train,1
611_851,train,5
611_853,train,1
611_855,train,1
611_858,val,1
611_860,train,1
611_861,train,1
611_864,train,1
611_865,train,3
611_866,train,2
611_868,train,6
611_869,train,2
611_870,train,1
611_871,val,2
611_872,val,2
611_882,train,1
611_887,train,2
612_807,val,1
612_810,val,1
612_819,train,1
612_820,train,3
612_822,val,4
612_825,val,2
612_826,train,2
612_827,train,2
612_828,val,1
612_830,train,1
612_835,train,4
612_836,train,3
612_837,train,1
612_840,train,1
612_841,train,1
612_849,train,1
612_851,train,1
612_867,train,1
612_868,val,2
612_869,val,4
612_871,train,1
612_877,train,1
612_878,train,1
612_885,train,1
612_886,train,1
612_887,train,1
613_806,val,1
613_809,train,1
613_810,train,1
613_814,train,1
613_823,train,1
613_825,val,1
613_827,train,1
613_829,val,2
613_831,train,1
613_836,train,2
613_837,val,1
613_838,val,1
613_845,val,1
613_846,train,1
613_848,val,2
613_850,train,1
613_852,train,1
613_856,train,1
613_859,train,1
613_866,train,1
613_868,train,1
613_870,train,1
613_878,val,1
613_881,val,1
614_807,train,1
614_808,train,1
614_809,train,1
614_810,train,2
614_811,train,2
614_813,train,1
614_816,train,1
614_817,train,2
614_818,train,2
614_819,train,1
614_823,train,2
614_826,train,2
614_827,train,1
614_828,val,1
614_829,train,2
614_831,train,2
614_836,train,1
614_838,train,1
614_839,train,1
614_841,train,2
614_863,val,1
614_865,train,1
614_866,train,1
614_867,train,1
614_870,train,1
614_871,train,1
614_872,train,1
614_880,train,1
615_811,val,1
615_813,train,2
615_816,train,1
615_818,val,1
615_819,val,2
615_825,val,1
615_828,train,1
615_835,val,1
615_836,train,2
615_837,train,2
615_848,train,4
615_855,train,1
615_860,train,2
615_861,train,2
615_863,train,2
615_864,train,2
615_865,train,2
615_867,train,1
615_869,train,3
615_870,train,1
615_873,train,1
615_874,train,1
615_875,train,1
615_876,train,2
615_879,val,1
616_809,train,1
616_813,train,1
616_814,train,1
616_817,train,1
616_818,train,1
616_819,train,1
616_822,val,1
616_826,train,1
616_827,train,2
616_828,train,1
616_829,train,1
616_833,train,1
616_834,train,1
616_839,train,1
616_843,train,1
616_844,train,2
616_857,val,1
616_858,train,1
616_859,train,1
616_865,train,1
616_866,train,4
616_867,train,1
616_870,val,1
616_872,train,1
616_873,val,1
616_875,train,1
616_877,train,1
616_880,train,3
616_885,train,1
617_810,train,2
617_812,train,1
617_820,train,1
617_823,train,1
617_824,train,1
617_825,train,1
617_826,val,2
617_827,train,1
617_830,val,1
617_831,val,1
617_832,train,1
617_847,train,1
617_848,train,1
617_852,val,1
617_855,val,1
617_859,train,1
617_862,train,2
617_863,train,1
617_864,val,1
617_865,train,2
617_866,train,2
617_867,train,8
617_873,val,1
617_874,train,1
617_879,val,1
617_880,train,1
617_881,train,2
617_882,train,1
617_885,train,1
618_807,train,1
618_812,train,2
618_820,train,1
618_828,val,1
618_829,train,1
618_831,val,1
618_832,train,2
618_834,train,1
618_836,train,1
618_846,train,1
618_850,val,1
618_855,train,1
618_858,train,1
618_860,train,1
618_864,train,1
618_865,val,1
618_867,train,2
618_868,train,2
618_873,train,2
618_874,train,1
618_875,val,1
618_880,val,2
618_881,train,1
618_892,train,1
618_893,train,1
619_807,val,1
619_822,val,1
619_823,train,1
619_825,train,1
619_830,train,1
619_834,train,1
619_837,train,1
619_842,train,3
619_851,train,1
619_858,train,5
619_859,val,1
619_867,train,2
619_868,train,1
619_869,val,2
619_878,val,1
620_808,train,2
620_833,train,1
620_834,val,1
620_836,train,1
620_841,train,1
620_845,train,1
620_849,train,1
620_857,train,1
620_862,train,2
620_863,train,1
620_864,train,2
620_865,train,1
620_866,val,1
620_872,train,2
620_875,train,1
620_876,train,4
620_889,train,1
621_823,train,3
621_824,train,2
621_828,train,1
621_835,train,1
621_836,train,1
621_840,train,2
621_841,train,3
621_844,val,1
621_857,train,1
621_862,val,1
621_864,train,1
621_866,val,1
621_867,val,3
621_869,val,1
621_870,train,1
621_871,train,1
621_872,train,1
622_811,train,1
622_819,train,1
622_824,train,2
622_829,train,1
622_830,train,1
622_834,train,3
622_835,train,1
622_841,train,3
622_846,train,1
622_849,train,2
622_852,train,1
622_854,train,2
622_855,val,1
622_862,train,1
622_863,val,2
622_865,train,1
622_866,val,3
622_867,train,4
622_869,train,1
622_872,train,5
622_874,train,1
622_876,train,2
622_881,train,3
623_824,train,7
623_825,train,1
623_833,train,1
623_840,train,2
623_841,train,3
623_844,train,3
623_847,train,2
623_848,train,1
623_851,train,1
623_853,train,3
623_856,val,1
623_857,train,1
623_865,val,1
623_867,train,1
623_868,val,1
623_872,train,1
623_875,train,2
623_884,train,2
623_885,train,1
623_886,train,1
624_811,train,2
624_815,train,1
624_818,train,1
624_822,train,1
624_823,val,1
624_825,train,3
624_830,train,3
624_834,train,2
624_838,train,4
624_846,train,2
624_849,train,2
624_850,train,4
624_851,val,4
624_852,train,1
624_853,val,2
624_854,val,1
624_857,train,2
624_870,train,1
624_872,train,1
624_875,train,2
624_880,train,1
624_883,train,2
624_884,train,1
624_885,train,2
624_890,train,1
625_816,train,1
625_818,train,1
625_821,train,1
625_823,train,1
625_827,val,2
625_829,train,1
625_830,val,1
625_831,val,1
625_832,train,1
625_835,train,3
625_842,train,1
625_846,val,1
625_848,train,1
625_849,train,2
625_851,train,1
625_852,train,1
625_856,train,3
625_857,train,2
625_873,train,3
625_885,train,2
625_886,train,1
625_887,train,1
625_890,train,1
625_891,train,1
625_893,train,1
626_814,val,1
626_816,train,3
626_818,val,4
626_820,train,1
626_823,train,4
626_826,train,2
626_827,train,1
626_832,train,7
626_835,train,1
626_837,train,1
626_841,train,4
626_845,train,3
626_846,val,3
626_850,train,1
626_856,train,4
626_857,train,1
626_863,train,1
626_866,train,1
626_867,train,2
626_872,val,1
626_875,train,1
626_884,train,1
626_888,train,1
626_889,train,1
627_812,train,2
627_815,train,1
627_818,train,1
627_820,train,2
627_821,train,1
627_823,train,1
627_824,val,1
627_825,train,1
627_835,train,1
627_838,val,1
627_842,train,1
627_845,train,1
627_846,train,1
627_847,train,1
627_850,val,1
627_851,train,1
627_853,train,1
627_857,train,1
627_858,val,1
627_859,train,1
627_860,train,2
627_872,train,1
627_880,train,1
627_884,val,2
627_888,val,1
627_889,train,1
627_892,train,1
627_893,train,1
628_812,train,7
628_813,train,1
628_818,train,2
628_825,train,1
628_832,train,1
628_835,train,2
628_837,train,1
628_838,train,1
628_846,val,1
628_847,train,1
628_850,train,1
628_851,val,1
628_854,train,1
628_855,train,1
628_856,train,1
628_859,val,1
628_868,train,1
628_877,train,1
628_881,train,1
628_887,train,1
628_888,val,1
628_889,train,1
629_809,train,1
629_813,val,2
629_816,train,1
629_818,train,1
629_821,train,1
629_822,val,1
629_825,val,1
629_830,train,1
629_840,train,1
629_846,train,1
629_848,train,1
629_849,train,2
629_850,train,3
629_852,train,1
629_853,train,2
629_855,train,1
629_863,train,1
629_870,val,1
629_877,val,3
629_879,train,2
629_880,val,1
629_887,train,1
629_888,train,1
630_810,train,2
630_819,train,2
630_822,train,1
630_825,train,1
630_834,train,2
630_840,train,1
630_844,train,1
630_845,train,1
630_846,train,1
630_848,train,1
630_850,train,13
630_853,train,1
630_859,train,1
630_870,train,1
630_873,val,1
630_880,train,1
630_885,train,1
630_890,train,2
630_894,train,1
631_817,train,1
631_822,train,1
631_829,train,2
631_846,train,2
631_849,train,1
631_850,train,3
631_851,val,2
631_853,val,2
631_867,train,1
631_869,train,1
631_871,train,1
631_876,train,2
631_878,train,1
631_881,train,1
631_882,train,1
631_883,train,1
631_887,val,2
631_888,train,4
631_889,train,3
631_890,train,1
632_821,train,1
632_824,train,1
632_832,train,3
632_840,train,1
632_847,train,2
632_848,train,3
632_850,train,4
632_851,train,1
632_853,train,2
632_854,train,3
632_858,train,3
632_862,train,1
632_869,train,1
632_871,train,2
632_878,train,5
632_879,val,3
632_883,train,3
632_885,train,1
632_887,train,5
632_889,train,1
632_890,val,1
633_815,train,1
633_820,train,1
633_830,train,1
633_833,train,1
633_846,train,2
633_847,train,1
633_848,val,1
633_850,train,1
633_853,train,3
633_855,train,2
633_857,val,2
633_858,val,2
633_861,train,1
633_865,train,1
633_875,train,1
633_878,train,1
633_879,train,2
633_880,train,2
633_884,train,1
633_890,train,2
633_894,train,1
634_819,train,1
634_822,train,1
634_825,train,3
634_835,train,1
634_840,train,2
634_845,train,1
634_846,val,2
634_847,train,4
634_848,train,1
634_855,train,1
634_856,train,1
634_858,train,2
634_861,val,1
634_867,train,1
634_875,val,1
634_880,train,2
634_889,train,1
634_893,train,1
634_897,train,1
635_819,train,1
635_828,train,1
635_835,val,3
635_838,val,1
635_839,train,1
635_843,val,1
635_854,train,1
635_858,train,1
635_866,train,2
635_867,train,1
635_872,val,1
635_876,train,1
635_891,val,1
635_900,train,1
636_812,train,1
636_817,train,1
636_821,train,1
636_825,val,1
636_828,train,3
636_830,train,1
636_831,train,1
636_838,train,1
636_850,train,1
636_856,train,1
636_860,val,1
636_864,train,1
636_867,train,3
636_870,train,3
636_885,val,1
637_818,train,2
637_824,val,3
637_825,val,4
637_828,val,1
637_833,train,1
637_834,train,1
637_840,train,1
637_841,train,1
637_846,train,1
637_855,train,1
637_858,train,1
637_864,train,1
637_866,train,2
637_867,train,1
637_880,train,1
637_892,val,1
637_893,val,1
637_897,train,1
637_902,val,1
638_813,train,1
638_816,train,1
638_818,train,1
638_822,train,3
638_825,train,1
638_829,val,1
638_832,train,2
638_835,train,1
638_837,train,1
638_838,train,2
638_841,train,1
638_845,train,1
638_846,train,1
638_847,train,1
638_852,train,2
638_856,train,1
638_861,train,1
638_863,train,1
638_865,train,2
638_866,val,5
638_876,train,1
638_878,train,1
638_881,train,1
638_901,train,1
638_904,train,1
639_814,val,2
639_815,train,2
639_817,val,1
639_818,train,1
639_821,train,2
639_823,train,1
639_824,train,1
639_825,train,1
639_829,train,3
639_837,train,1
639_838,train,3
639_839,train,1
639_847,train,1
639_850,val,1
639_854,train,1
639_857,train,1
639_858,val,1
639_861,train,1
639_864,train,1
639_865,train,1
639_866,train,1
639_869,train,1
639_870,val,2
639_871,train,1
639_878,train,2
639_880,val,1
639_888,train,1
639_897,val,1
639_902,val,2
640_816,train,2
640_817,train,1
640_819,train,1
640_821,val,3
640_822,train,1
640_824,train,1
640_828,train,1
640_831,train,3
640_832,train,1
640_838,train,1
640_839,train,1
640_840,train,1
640_847,train,1
640_848,val,1
640_849,train,1
640_852,train,1
640_858,val,2
640_868,train,1
640_869,train,2
640_871,train,1
640_874,train,2
640_875,train,1
640_878,train,1
640_890,train,1
640_901,train,1
640_902,train,2
640_903,val,1
640_908,train,1
641_819,train,1
641_821,train,3
641_822,train,1
641_823,val,5
641_833,val,3
641_836,train,1
641_850,train,1
641_854,train,2
641_862,val,1
641_870,train,2
641_871,train,2
641_873,train,3
641_874,train,5
641_875,train,11
641_879,train,1
641_885,train,1
641_893,train,1
641_902,train,1
641_903,train,3
641_904,train,2
641_906,train,3
641_907,train,1
642_820,train,1
642_821,train,3
642_822,train,5
642_823,val,1
642_827,train,1
642_833,train,1
642_850,train,2
642_861,val,1
642_871,train,1
642_872,train,1
642_874,train,2
642_875,train,3
642_880,train,1
642_884,val,1
642_892,train,2
642_894,train,1
642_896,train,4
642_903,train,3
642_906,val,10
642_907,val,1
643_812,train,2
643_817,train,1
643_822,train,1
643_846,train,1
643_853,train,1
643_856,train,1
643_860,train,1
643_861,val,1
643_868,train,2
643_870,train,1
643_873,train,1
643_876,train,2
643_877,train,2
643_885,val,2
643_891,train,1
643_893,train,2
643_897,train,1
643_902,train,1
643_906,train,1
644_815,val,3
644_816,train,2
644_818,train,1
644_820,train,2
644_823,train,2
644_824,train,1
644_825,val,1
644_836,val,2
644_839,train,3
644_843,train,1
644_853,train,2
644_857,train,1
644_860,train,1
644_866,train,1
644_871,train,2
644_875,train,1
644_884,train,1
644_894,train,1
644_903,val,1
644_905,train,1
644_906,val,1
645_817,train,3
645_818,train,1
645_819,train,1
645_821,val,5
645_822,train,1
645_823,train,1
645_832,train,1
645_833,train,1
645_834,train,1
645_835,train,5
645_839,train,1
645_842,train,1
645_849,train,1
645_851,train,1
645_852,train,1
645_853,train,2
645_856,train,2
645_862,train,1
645_868,train,1
645_869,train,2
645_870,val,2
645_875,train,2
645_882,train,1
645_892,train,2
646_813,train,3
646_817,train,1
646_818,train,1
646_819,train,1
646_824,train,1
646_830,val,1
646_831,train,1
646_833,val,3
646_835,val,2
646_847,val,1
646_858,val,1
646_859,train,1
646_860,train,1
646_866,train,1
646_869,train,1
646_870,train,2
646_871,train,1
646_872,val,2
646_873,train,2
646_875,train,1
646_877,train,1
646_884,train,1
646_885,train,2
646_889,train,1
646_890,train,1
646_892,val,4
646_894,train,2
646_895,val,2
646_897,train,1
646_898,val,1
646_905,train,1
646_906,train,1
647_822,train,1
647_831,val,1
647_832,train,2
647_837,train,1
647_840,train,2
647_849,train,1
647_850,train,1
647_854,train,1
647_855,val,1
647_856,train,2
647_857,val,2
647_861,val,1
647_865,train,1
647_872,train,1
647_873,train,1
647_877,val,1
647_883,train,1
647_884,train,2
647_885,train,2
647_889,val,1
647_890,train,1
647_892,train,1
647_893,train,1
647_897,train,1
647_899,train,1
647_901,train,1
647_903,train,3
647_907,train,1
648_820,train,1
648_823,train,1
648_824,train,1
648_833,val,2
648_851,train,1
648_854,val,4
648_858,train,1
648_860,train,2
648_861,train,1
648_862,train,2
648_864,train,1
648_865,train,1
648_869,train,1
648_872,train,1
648_875,val,1
648_878,train,1
648_880,train,1
648_881,train,1
648_885,train,1
648_891,train,2
648_894,train,3
648_895,train,1
648_896,train,2
648_898,val,2
649_816,train,1
649_828,val,3
649_832,train,1
649_834,train,3
649_839,train,1
649_841,train,2
649_846,train,1
649_858,train,2
649_860,train,2
649_862,train,1
649_864,train,1
649_872,val,1
649_875,train,1
649_876,train,1
649_877,train,3
649_881,val,1
649_889,train,3
649_893,train,1
649_894,train,2
649_895,val,1
649_896,val,1
649_898,train,2
649_899,val,1
649_900,train,1
650_816,train,1
650_819,val,4
650_821,train,2
650_826,train,1
650_827,val,1
650_832,train,1
650_837,train,1
650_838,train,2
650_856,val,2
650_865,train,1
650_866,train,1
650_868,val,1
650_873,train,1
650_875,train,2
650_877,train,1
650_878,train,1
650_879,train,2
650_880,train,1
650_890,train,2
650_894,train,2
650_902,train,1
650_909,val,2
650_910,train,1
651_816,train,1
651_834,train,1
651_836,val,1
651_838,val,1
651_840,train,1
651_851,train,1
651_854,train,1
651_857,val,1
651_861,train,1
651_865,train,1
651_866,train,2
651_867,train,1
651_868,train,1
651_869,train,1
651_871,train,4
651_873,train,1
651_878,train,1
651_879,val,2
651_882,val,1
651_892,train,1
651_895,val,1
651_896,val,1
651_898,train,1
651_901,train,1
651_902,train,3
651_905,train,1
651_908,train,1
651_910,train,1
651_913,val,1
651_914,train,1
651_916,train,1
651_923,val,2
652_820,val,1
652_822,train,1
652_834,val,2
652_841,val,1
652_847,train,3
652_859,train,1
652_862,val,1
652_863,val,1
652_868,train,2
652_869,train,6
652_879,val,2
652_882,train,1
652_883,val,1
652_884,train,1
652_902,train,2
652_903,train,2
652_907,train,1
652_909,train,1
652_912,val,1
652_914,train,1
653_817,val,2
653_845,train,1
653_852,train,1
653_853,train,2
653_856,train,1
653_866,val,2
653_875,val,2
653_879,train,1
653_883,train,3
653_885,train,1
653_886,val,2
653_888,train,1
653_893,train,1
653_897,train,1
653_902,val,2
653_905,train,1
653_906,train,4
653_907,val,1
653_915,val,1
653_916,train,1
653_919,train,2
653_920,train,1
654_814,train,1
654_815,train,3
654_818,train,1
654_829,train,1
654_842,val,1
654_844,train,1
654_850,val,1
654_852,train,1
654_862,train,1
654_863,train,7
654_866,train,1
654_867,train,1
654_870,train,1
654_872,train,1
654_882,train,3
654_885,train,1
654_886,val,1
654_887,train,4
654_892,train,1
654_898,train,1
654_900,train,2
654_902,train,6
654_907,train,1
654_908,val,1
654_913,train,1
654_918,train,2
654_919,train,1
654_920,train,2
655_829,train,2
655_845,val,3
655_856,train,1
655_857,train,1
655_858,val,1
655_859,train,2
655_864,val,1
655_865,train,1
655_866,val,1
655_873,train,1
655_875,train,1
655_877,train,2
655_879,val,1
655_883,train,1
655_884,val,1
655_885,train,2
655_886,train,1
655_887,train,3
655_890,val,1
655_891,val,1
655_893,train,1
655_901,train,3
655_902,train,2
655_909,train,2
655_915,train,1
655_916,train,1
655_917,val,1
655_919,train,3
655_920,train,1
655_925,train,1
655_950,train,1
656_838,train,1
656_844,train,1
656_857,train,1
656_858,val,1
656_865,train,1
656_867,train,1
656_868,train,2
656_874,val,2
656_875,train,1
656_879,train,1
656_883,train,1
656_893,train,2
656_894,train,1
656_895,train,1
656_900,train,7
656_901,val,4
656_902,train,1
656_912,train,3
656_919,val,1
656_926,train,1
656_944,train,2
656_950,train,1
656_953,val,2
657_829,train,1
657_830,train,1
657_831,train,1
657_832,train,1
657_866,val,5
657_867,train,2
657_874,train,2
657_879,train,1
657_880,val,5
657_894,train,1
657_897,train,3
657_900,train,1
657_902,train,1
657_904,train,5
657_905,train,2
657_912,train,2
657_913,train,1
657_915,val,1
657_919,train,1
657_923,val,1
657_928,train,1
657_945,train,1
657_947,train,1
657_949,train,1
658_843,train,1
658_845,train,1
658_857,val,1
658_862,val,1
658_865,train,1
658_866,val,1
658_870,train,1
658_871,train,5
658_872,train,1
658_874,train,2
658_876,train,1
658_879,train,1
658_881,train,1
658_883,train,2
658_896,val,1
658_897,train,1
658_919,train,1
658_935,train,4
658_945,train,1
658_955,train,1
658_965,train,1
659_827,train,1
659_848,train,2
659_849,train,1
659_865,val,1
659_867,train,2
659_873,train,1
659_875,train,2
659_877,train,2
659_878,train,1
659_879,train,1
659_891,train,1
659_893,val,1
659_895,train,2
659_897,train,1
659_899,train,1
659_900,train,1
659_902,train,3
659_903,train,1
659_904,train,1
659_905,train,1
659_908,train,2
659_915,train,2
659_924,train,1
659_927,train,1
659_936,val,3
659_939,train,1
659_941,train,1
659_943,train,1
659_945,train,1
660_832,val,1
660_833,train,1
660_835,train,1
660_838,val,3
660_843,train,1
660_849,train,1
660_857,train,2
660_864,train,1
660_865,train,1
660_868,train,1
660_898,train,1
660_902,train,2
660_905,train,1
660_908,train,1
660_910,train,2
660_911,train,1
660_912,train,1
660_918,train,1
660_929,train,1
660_930,val,1
660_932,train,1
660_936,train,1
660_937,train,1
660_949,val,2
660_950,val,1
660_956,val,1
660_970,train,1
660_971,train,4
660_972,train,1
661_832,train,1
661_840,train,1
661_847,train,1
661_853,val,1
661_865,val,1
661_867,train,3
661_872,train,1
661_876,train,1
661_877,train,4
661_878,train,1
661_880,train,1
661_892,val,1
661_900,train,1
661_902,train,4
661_904,train,1
661_910,train,2
661_911,train,1
661_924,train,1
661_927,train,1
661_928,train,1
661_932,train,1
661_935,train,3
661_943,train,1
661_950,train,1
661_951,train,1
661_955,train,1
661_969,train,1
661_972,train,2
661_979,train,1
662_828,val,1
662_829,val,3
662_831,train,3
662_832,train,1
662_833,train,1
662_837,train,1
662_838,train,1
662_839,train,1
662_856,train,1
662_858,train,1
662_863,train,1
662_864,train,1
662_865,train,1
662_867,train,1
662_868,train,1
662_880,train,2
662_889,train,1
662_895,val,3
662_903,train,2
662_909,val,1
662_912,val,1
662_914,val,1
662_915,train,1
662_916,train,2
662_917,val,1
662_921,train,1
662_923,train,1
662_927,val,2
662_929,train,1
662_937,train,1
662_947,train,1
662_961,train,1
662_965,val,2
663_841,val,1
663_845,train,1
663_851,train,1
663_855,train,1
663_870,val,1
663_872,train,1
663_876,train,1
663_877,train,1
663_878,train,1
663_889,train,1
663_899,train,1
663_903,val,1
663_909,train,5
663_913,train,1
663_923,train,1
663_940,val,1
663_947,val,1
663_948,val,1
663_949,train,1
663_951,train,1
663_984,train,1
664_841,train,1
664_848,train,1
664_855,train,1
664_857,train,1
664_858,train,10
664_862,train,2
664_871,train,2
664_877,val,1
664_880,train,3
664_886,train,1
664_896,train,1
664_902,val,1
664_905,val,1
664_906,train,1
664_907,train,1
664_909,train,3
664_910,val,2
664_921,val,1
664_922,train,1
664_931,train,2
664_941,train,2
664_942,train,4
664_950,train,1
664_955,train,1
664_977,train,1
664_978,train,1
665_831,train,1
665_849,train,1
665_851,train,1
665_852,train,1
665_853,train,1
665_854,train,1
665_875,val,2
665_877,val,2
665_880,train,1
665_885,val,1
665_886,train,1
665_900,train,1
665_902,val,1
665_904,val,2
665_906,train,1
665_907,train,1
665_908,train,5
665_909,train,2
665_910,train,1
665_911,train,2
665_919,train,1
665_937,train,1
665_942,train,3
665_949,train,1
665_966,val,1
665_972,train,1
665_976,train,2
665_978,train,1
665_979,train,1
665_987,train,1
665_989,train,3
666_826,train,1
666_831,train,1
666_835,train,1
666_838,train,1
666_851,train,1
666_855,train,1
666_863,train,1
666_865,train,1
666_866,val,1
666_872,train,1
666_875,train,1
666_877,val,2
666_884,train,1
666_892,val,1
666_895,val,2
666_904,train,1
666_909,val,2
666_914,val,2
666_930,train,1
666_931,train,2
666_932,train,4
666_939,train,2
666_940,val,1
666_949,train,1
666_956,val,1
666_971,train,1
666_976,train,1
666_982,train,1
666_985,train,1
666_987,train,1
667_829,train,1
667_846,train,1
667_847,val,1
667_854,train,1
667_864,train,1
667_875,train,2
667_886,train,2
667_893,train,1
667_895,train,2
667_905,train,2
667_909,val,2
667_911,train,2
667_914,train,1
667_920,train,2
667_927,train,1
667_928,train,1
667_934,train,2
667_935,train,1
667_958,train,2
667_967,val,1
667_968,train,1
667_978,train,1
667_981,train,1
667_989,train,1
667_990,val,1
667_991,train,1
667_995,val,1
668_1000,train,1
668_824,train,1
668_833,train,1
668_834,train,1
668_841,train,1
668_842,train,1
668_848,val,1
668_855,train,1
668_879,val,1
668_881,val,1
668_882,train,1
668_889,val,1
668_891,train,1
668_892,train,1
668_893,train,1
668_906,train,1
668_911,train,1
668_912,val,1
668_914,train,1
668_920,train,1
668_925,train,1
668_928,train,2
668_931,train,1
668_936,val,2
668_973,train,1
668_978,train,1
668_989,train,1
668_998,val,2
668_999,val,1
669_826,train,1
669_839,val,1
669_846,val,1
669_849,train,1
669_868,train,1
669_883,train,2
669_906,train,3
669_907,train,1
669_914,train,1
669_920,train,1
669_924,train,1
669_925,train,1
669_927,train,1
669_956,val,1
669_963,train,1
669_968,val,3
669_972,train,1
669_973,val,1
669_994,train,1
669_996,train,3
670_843,val,1
670_855,val,1
670_861,train,1
670_867,val,1
670_870,train,1
670_886,train,1
670_895,train,1
670_901,train,1
670_905,val,1
670_925,train,1
670_947,val,2
670_959,train,1
670_983,train,1
670_992,val,2
670_993,train,2
670_994,val,2
670_996,train,1
671_839,val,2
671_858,train,1
671_869,train,1
671_873,train,1
671_892,train,1
671_893,train,1
671_896,train,1
671_898,train,5
671_899,train,1
671_900,val,1
671_930,train,1
671_940,val,2
671_941,train,1
671_943,train,1
671_949,train,1
671_952,train,1
671_955,train,1
671_978,train,1
671_982,train,1
672_838,train,1
672_841,train,1
672_842,train,1
672_844,val,1
672_876,train,1
672_882,train,1
672_894,val,1
672_916,val,2
672_927,train,1
672_930,train,2
672_931,train,1
672_932,train,1
672_947,val,1
672_948,val,1
672_949,train,2
672_956,train,1
672_964,val,1
672_969,train,1
672_993,train,1
672_997,train,2
672_998,train,2
673_841,train,1
673_846,train,1
673_855,train,1
673_878,train,1
673_879,train,1
673_887,train,1
673_894,val,3
673_898,train,1
673_901,train,1
673_902,train,1
673_907,train,1
673_925,train,1
673_926,train,1
673_927,val,1
673_928,val,1
673_932,train,1
673_948,train,3
673_950,train,2
673_959,val,1
673_984,train,1
673_988,train,1
673_989,train,1
673_993,train,1
674_840,train,1
674_842,val,1
674_845,train,1
674_853,train,2
674_860,val,1
674_863,train,1
674_866,train,1
674_867,train,2
674_869,train,1
674_874,train,1
674_886,train,1
674_889,train,1
674_890,val,1
674_891,val,2
674_896,train,1
674_897,train,1
674_900,val,1
674_902,train,2
674_906,train,1
674_924,val,1
674_928,train,2
674_930,train,1
674_940,val,1
674_944,train,1
674_946,val,1
674_948,train,1
674_956,train,1
674_968,train,1
674_970,train,1
674_976,train,1
674_979,train,1
674_993,train,2
674_994,train,1
675_847,train,1
675_849,train,1
675_850,val,3
675_858,train,2
675_860,train,1
675_861,train,1
675_865,train,2
675_870,train,1
675_875,train,1
675_878,val,1
675_883,train,1
675_886,train,1
675_890,train,1
675_891,val,1
675_897,train,1
675_899,train,3
675_902,train,8
675_906,train,5
675_907,train,1
675_927,val,2
675_928,train,1
675_941,train,1
675_944,train,1
675_945,train,1
675_946,train,3
675_947,train,8
675_948,val,1
675_949,val,1
675_950,train,1
675_953,train,1
675_954,train,1
675_960,val,1
675_961,train,1
675_965,train,1
675_992,val,1
676_846,train,1
676_852,train,1
676_854,train,1
676_858,train,1
676_875,train,1
676_879,val,1
676_885,train,1
676_889,val,1
676_903,train,2
676_905,val,2
676_914,train,1
676_927,train,1
676_941,train,2
676_953,train,1
676_959,val,2
676_960,train,1
676_963,train,1
676_965,val,1
676_984,train,1
677_848,train,1
677_859,val,1
677_862,train,2
677_865,val,1
677_867,train,1
677_868,train,1
677_883,train,1
677_884,train,1
677_886,train,2
677_888,train,1
677_890,val,1
677_897,train,1
677_898,train,1
677_922,train,1
677_923,val,1
677_926,train,2
677_949,train,1
677_958,train,1
677_971,train,2
677_972,train,1
677_976,train,1
677_980,train,2
677_992,train,3
677_993,val,2
678_831,train,1
678_847,train,1
678_854,train,1
678_855,train,1
678_869,train,3
678_874,val,2
678_878,val,1
678_882,train,1
678_886,val,1
678_889,train,1
678_893,train,1
678_903,train,1
678_906,train,1
678_913,train,1
678_922,train,1
678_923,train,2
678_926,train,1
678_929,train,1
678_933,train,1
678_934,train,1
678_935,train,2
678_936,train,1
678_940,train,1
678_947,train,3
678_952,train,1
678_958,train,1
678_966,train,1
678_971,train,1
679_849,train,1
679_854,train,1
679_862,train,2
679_867,val,1
679_868,train,1
679_882,train,2
679_898,train,1
679_899,val,1
679_910,train,1
679_913,train,2
679_915,train,3
679_917,val,1
679_927,train,1
679_931,val,3
679_932,train,6
679_935,train,2
679_939,train,1
679_947,train,2
679_954,train,1
679_972,train,1
679_975,val,1
679_976,train,1
679_984,train,1
679_985,val,1
679_986,train,1
680_850,train,1
680_854,train,1
680_855,train,1
680_860,val,1
680_862,val,1
680_863,train,1
680_864,val,1
680_866,val,2
680_867,train,1
680_869,train,3
680_872,train,1
680_882,val,1
680_883,val,2
680_885,train,1
680_886,train,2
680_908,train,1
680_911,train,2
680_924,train,1
680_928,val,2
680_930,train,2
680_931,train,2
680_932,train,1
680_934,train,2
680_936,train,4
680_938,train,3
680_940,train,1
680_943,train,1
680_947,train,2
680_953,train,1
680_954,train,5
680_956,train,1
680_961,train,2
680_970,train,2
680_972,train,1
680_986,train,1
681_855,val,1
681_864,train,2
681_868,train,1
681_876,val,2
681_888,train,1
681_892,train,1
681_893,train,3
681_910,train,1
681_917,train,2
681_918,train,3
681_920,train,4
681_929,train,1
681_930,val,1
681_931,train,4
681_933,train,4
681_934,val,1
681_936,train,1
681_938,train,1
681_939,val,1
681_943,train,2
681_954,train,1
681_955,train,2
681_959,train,1
681_980,val,2
681_991,train,3
682_854,train,1
682_855,train,1
682_863,train,1
682_866,val,4
682_868,val,4
682_870,val,1
682_881,train,1
682_887,train,1
682_893,train,2
682_901,train,1
682_910,train,1
682_913,train,1
682_914,val,1
682_918,train,2
682_919,train,2
682_920,train,3
682_921,val,1
682_923,train,1
682_927,train,1
682_928,train,3
682_930,train,1
682_931,train,4
682_933,train,1
682_934,train,5
682_935,train,2
682_936,train,1
682_937,train,2
682_938,val,1
682_939,train,1
682_940,train,2
682_948,val,1
682_954,train,1
682_957,val,1
682_985,train,3
682_986,val,2
683_866,train,1
683_869,train,1
683_870,train,1
683_871,val,1
683_876,train,1
683_878,val,1
683_893,train,1
683_896,train,1
683_899,val,1
683_909,train,1
683_918,val,4
683_919,train,7
683_922,train,5
683_923,train,1
683_924,train,2
683_926,val,1
683_927,val,2
683_928,train,1
683_929,train,1
683_933,train,1
683_936,train,2
683_938,train,3
683_941,train,2
683_942,train,1
683_952,val,1
683_959,train,2
683_961,train,1
683_963,train,1
683_965,train,1
684_865,val,1
684_874,train,1
684_875,train,2
684_882,train,2
684_883,train,2
684_891,train,2
684_893,val,1
684_897,train,1
684_907,train,2
684_910,train,2
684_918,train,1
684_919,train,1
684_927,val,1
684_929,train,2
684_931,val,2
684_933,train,2
684_934,train,1
684_936,train,3
684_941,train,1
684_943,train,2
684_944,train,2
684_948,val,3
684_955,val,1
684_973,val,1
684_974,train,1
684_976,train,1
684_980,train,2
684_992,train,2
684_996,train,1
685_869,train,1
685_877,val,1
685_880,train,1
685_884,train,2
685_895,val,1
685_905,train,1
685_907,train,1
685_909,train,1
685_919,train,1
685_921,train,1
685_926,train,2
685_929,train,1
685_930,val,1
685_931,train,2
685_933,train,2
685_936,train,1
685_944,val,1
685_950,train,1
685_951,train,1
685_955,train,2
685_958,train,1
685_987,train,1
685_990,train,1
685_992,train,1
685_997,train,1
686_866,train,1
686_873,train,1
686_879,train,1
686_884,train,1
686_894,train,1
686_900,train,1
686_902,val,1
686_903,train,2
686_910,train,1
686_911,train,1
686_915,train,1
686_921,train,1
686_925,train,3
686_929,train,1
686_932,val,1
686_934,train,1
686_935,train,1
686_936,train,1
686_942,train,1
686_944,val,2
686_947,train,1
686_948,train,1
686_950,train,3
686_953,val,1
686_961,train,2
686_969,train,1
686_972,train,1
686_982,train,1
686_985,train,1
686_991,train,1
686_992,train,1
687_874,train,2
687_887,train,1
687_894,train,1
687_895,val,1
687_904,val,1
687_921,val,1
687_932,train,1
687_933,train,1
687_934,train,2
687_936,train,1
687_938,train,2
687_941,val,1
687_948,train,2
687_949,train,2
687_951,train,2
687_952,train,2
687_953,train,1
687_973,val,1
687_978,train,1
687_998,train,2
688_868,train,1
688_869,train,1
688_871,train,1
688_872,train,1
688_873,train,1
688_882,train,1
688_884,train,2
688_888,val,1
688_889,train,1
688_890,train,3
688_891,train,1
688_895,train,1
688_908,train,2
688_910,val,1
688_911,train,2
688_912,train,1
688_913,train,1
688_919,train,1
688_939,train,1
688_944,val,4
688_946,train,1
688_948,train,4
688_954,val,1
688_956,train,1
688_964,train,1
688_968,train,2
688_982,train,1
688_985,val,1
689_872,val,2
689_880,train,2
689_885,val,1
689_895,train,1
689_901,train,1
689_902,train,1
689_909,train,1
689_915,train,1
689_916,train,1
689_920,train,1
689_928,val,1
689_930,train,2
689_936,train,1
689_939,train,1
689_941,val,1
689_944,train,1
689_945,train,1
689_946,val,3
689_952,train,1
689_956,train,1
689_959,train,1
689_960,train,1
689_974,train,1
689_983,train,1
690_1001,train,1
690_1002,train,5
690_863,train,1
690_866,train,1
690_870,train,1
690_876,train,1
690_878,val,2
690_883,train,1
690_885,train,1
690_891,train,1
690_900,train,1
690_904,train,1
690_911,train,2
690_913,train,1
690_919,train,1
690_922,train,1
690_930,val,1
690_944,train,1
690_945,train,2
690_946,val,2
690_947,train,1
690_950,train,2
690_953,train,1
690_954,train,1
690_955,val,3
690_956,train,1
690_957,train,2
690_970,train,1
690_979,train,1
690_983,val,2
690_984,train,1
690_985,val,1
690_993,val,1
690_994,train,1
691_1001,train,1
691_1002,train,3
691_1003,train,1
691_868,train,1
691_872,train,2
691_874,train,1
691_884,train,1
691_885,val,1
691_887,train,1
691_891,train,1
691_897,train,1
691_906,train,1
691_912,train,1
691_916,train,1
691_917,train,1
691_940,train,1
691_944,train,1
691_945,val,2
691_946,train,3
691_947,val,1
691_951,train,1
691_954,train,1
691_956,train,1
691_960,train,5
691_973,train,1
691_983,val,1
691_988,val,1
691_989,train,2
692_1000,train,1
692_865,val,1
692_866,train,1
692_878,train,1
692_880,train,1
692_882,train,1
692_883,val,4
692_884,val,1
692_889,train,1
692_890,train,1
692_895,val,1
692_896,train,2
692_902,val,1
692_913,val,1
692_920,train,1
692_929,train,1
692_938,val,1
692_941,train,1
692_944,train,1
692_949,train,1
692_960,train,1
692_972,train,1
692_973,train,1
692_974,train,1
692_976,train,1
692_983,train,1
692_994,train,2
692_995,train,2
692_996,train,1
693_866,train,1
693_870,train,1
693_872,train,1
693_877,train,1
693_878,val,2
693_879,train,1
693_880,train,1
693_881,train,1
693_892,train,1
693_895,val,1
693_898,train,2
693_903,train,1
693_909,train,1
693_919,val,1
693_921,train,1
693_922,train,1
693_927,train,3
693_929,val,1
693_930,train,2
693_944,train,3
693_945,train,3
693_946,train,1
693_947,train,1
693_949,train,4
693_950,train,1
693_961,train,1
693_980,train,1
693_984,train,1
693_996,train,1
693_997,train,2
694_1003,train,1
694_869,train,1
694_870,train,1
694_873,train,2
694_874,train,2
694_888,train,2
694_896,train,1
694_897,train,1
694_898,train,1
694_899,train,1
694_900,train,1
694_917,train,1
694_930,val,1
694_931,val,1
694_932,train,1
694_944,train,1
694_948,train,1
694_956,train,1
694_957,train,1
694_960,train,1
694_969,train,1
694_976,train,1
694_982,train,1
694_985,train,1
694_986,train,1
694_990,train,2
694_997,val,3
695_1001,val,1
695_1003,train,1
695_869,val,1
695_870,train,1
695_873,train,1
695_875,train,1
695_876,train,1
695_883,val,1
695_884,train,1
695_890,train,1
695_892,train,2
695_898,train,1
695_899,val,2
695_902,train,2
695_916,train,3
695_917,train,1
695_940,val,1
695_948,val,1
695_950,train,1
695_953,train,1
695_954,val,2
695_955,train,1
695_966,train,2
695_967,train,1
695_984,val,1
695_985,train,2
695_993,train,1
696_875,val,2
696_878,train,1
696_888,val,1
696_890,train,1
696_895,train,1
696_897,val,1
696_898,train,1
696_907,train,1
696_912,train,1
696_918,train,1
696_919,train,3
696_931,train,1
696_941,train,1
696_942,train,1
696_944,train,1
696_945,val,1
696_947,train,4
696_950,train,1
696_951,train,1
696_973,val,1
696_984,train,1
696_986,train,1
696_993,val,1
696_994,train,1
696_995,val,2
697_881,train,1
697_883,train,1
697_891,val,1
697_893,val,3
697_902,train,1
697_908,train,1
697_911,train,1
697_912,train,1
697_947,train,3
697_948,train,2
697_949,train,2
697_951,train,1
697_952,val,1
697_957,train,1
697_974,train,1
697_975,train,1
697_976,train,1
697_980,val,1
697_981,train,1
697_987,train,1
697_988,train,1
697_990,train,3
697_991,train,1
697_993,train,1
697_998,train,1
698_876,train,1
698_877,train,1
698_880,train,1
698_882,train,1
698_884,train,1
698_886,train,1
698_892,train,2
698_894,train,5
698_895,train,6
698_900,train,1
698_904,train,1
698_906,val,1
698_926,train,1
698_942,train,1
698_948,train,3
698_952,train,3
698_954,val,2
698_955,val,3
698_956,val,1
698_957,train,1
698_958,val,2
698_965,train,1
698_970,train,1
698_976,train,2
698_979,train,1
698_988,train,1
698_991,val,5
698_993,train,4
699_878,train,1
699_885,train,1
699_886,train,1
699_891,train,1
699_893,train,1
699_894,train,1
699_895,train,4
699_897,train,3
699_899,train,2
699_901,val,1
699_902,val,1
699_904,train,1
699_911,train,2
699_919,train,1
699_928,train,2
699_939,val,1
699_941,train,1
699_942,train,1
699_946,val,1
699_948,train,3
699_950,train,2
699_953,train,1
699_954,train,1
699_963,train,1
699_965,val,1
699_970,train,1
699_986,train,1
699_987,train,1
699_988,val,3
699_991,train,1
699_995,train,1
700_1000,train,1
700_875,train,1
700_888,train,1
700_890,train,1
700_897,train,1
700_900,train,1
700_904,train,1
700_908,train,1
700_913,train,1
700_915,train,1
700_917,val,1
700_928,train,1
700_938,train,1
700_943,train,1
700_947,train,1
700_958,train,1
700_968,train,1
700_969,train,1
700_981,train,1
700_984,val,1
700_988,train,3
700_990,train,2
700_992,val,1
700_993,val,1
701_876,train,2
701_880,train,1
701_886,train,2
701_890,train,1
701_894,train,1
701_899,train,1
701_905,train,1
701_943,val,1
701_944,train,1
701_945,train,1
701_949,train,1
701_950,train,1
701_954,train,1
701_956,train,3
701_958,train,3
701_978,train,2
701_992,train,1
701_995,val,1
701_997,train,1
701_998,train,1
702_877,train,1
702_881,train,1
702_882,train,1
702_887,train,1
702_888,train,3
702_889,val,1
702_895,val,1
702_902,train,1
702_919,val,1
702_920,train,1
702_932,train,1
702_939,train,1
702_953,train,1
702_956,train,1
702_957,train,2
702_963,train,1
702_964,val,1
702_974,val,1
702_977,train,1
702_980,val,1
702_987,train,1
702_988,val,3
702_989,train,1
702_990,train,1
702_995,train,1
702_996,train,1
703_876,train,1
703_885,val,1
703_889,train,2
703_891,train,1
703_893,train,1
703_894,train,1
703_895,val,3
703_896,train,2
703_903,train,1
703_904,train,2
703_906,train,1
703_909,train,2
703_920,train,1
703_922,train,1
703_924,train,1
703_925,val,1
703_928,train,1
703_939,train,1
703_949,val,1
703_956,train,1
703_959,train,1
703_960,train,1
703_964,train,1
703_969,val,1
703_972,train,2
703_977,train,3
703_985,train,2
703_992,train,1
703_996,train,1
704_878,train,1
704_879,train,1
704_883,train,1
704_889,train,1
704_890,train,4
704_895,val,2
704_901,train,1
704_911,train,1
704_913,train,1
704_915,train,1
704_916,train,1
704_917,val,1
704_925,train,1
704_926,train,1
704_931,train,1
704_935,train,1
704_947,train,1
704_950,train,1
704_951,train,1
704_956,train,1
704_975,train,1
704_991,train,1
704_995,train,1
704_996,val,1
705_877,train,1
705_884,train,1
705_887,train,1
705_890,train,2
705_891,train,1
705_893,train,2
705_897,train,1
705_902,val,1
705_903,train,1
705_906,train,1
705_909,train,2
705_912,val,1
705_914,val,1
705_915,train,3
705_920,train,2
705_930,train,2
705_936,val,1
705_941,train,1
705_944,train,3
705_945,train,1
705_957,train,1
705_978,train,1
705_980,train,1
705_986,train,1
705_988,train,1
705_991,train,2
705_993,train,1
705_994,train,2
705_996,train,2
706_881,train,1
706_892,val,1
706_900,train,1
706_902,train,1
706_906,train,1
706_910,train,1
706_911,train,2
706_912,val,3
706_913,train,4
706_923,train,1
706_935,train,1
706_939,train,2
706_941,train,1
706_945,train,1
706_966,train,1
706_979,train,1
706_981,train,1
706_990,train,2
706_991,val,1
706_992,train,5
706_993,train,2
707_896,train,3
707_897,val,1
707_904,train,1
707_906,train,1
707_911,train,2
707_912,train,8
707_913,val,3
707_914,train,1
707_915,train,1
707_923,train,1
707_926,train,1
707_933,val,1
707_935,train,3
707_960,val,1
707_965,train,1
707_984,train,3
708_899,val,1
708_901,val,1
708_906,train,2
708_908,train,1
708_912,val,1
708_913,train,2
708_915,train,1
708_926,train,1
708_931,val,2
708_933,train,1
708_937,train,3
708_946,val,2
708_956,val,1
708_963,train,2
708_965,train,1
708_966,train,1
708_970,val,1
708_972,train,1
708_973,val,1
708_975,train,1
708_977,train,1
708_983,train,1
708_988,train,2
708_991,train,1
709_896,train,1
709_897,train,2
709_899,val,1
709_902,train,1
709_910,train,1
709_913,train,5
709_914,train,2
709_916,train,1
709_922,val,1
709_933,train,1
709_941,train,3
709_943,train,1
709_944,train,2
709_955,train,1
709_975,train,1
709_985,train,1
709_988,train,3
710_892,train,1
710_894,train,2
710_895,train,2
710_896,train,1
710_898,train,2
710_899,train,1
710_903,train,1
710_909,train,1
710_912,train,1
710_919,train,2
710_920,val,1
710_927,train,2
710_928,train,1
710_937,train,2
710_943,train,2
710_946,train,1
710_947,train,1
710_971,train,1
710_972,val,2
710_974,train,1
711_892,train,1
711_896,train,1
711_898,train,5
711_899,val,1
711_902,train,1
711_903,train,2
711_904,val,6
711_908,train,1
711_910,train,1
711_911,train,7
711_912,train,1
711_917,train,4
711_918,val,4
711_921,train,1
711_922,train,1
711_947,train,5
711_949,val,1
711_950,train,1
711_964,train,2
711_972,train,1
712_882,train,1
712_893,val,1
712_896,train,4
712_897,train,6
712_901,train,1
712_902,train,1
712_903,train,5
712_904,train,10
712_908,train,1
712_909,train,1
712_910,train,1
712_912,train,1
712_918,train,2
712_925,train,1
712_928,train,1
712_935,train,1
712_941,val,2
712_942,train,3
712_947,train,1
712_954,val,1
712_956,val,1
712_960,train,2
712_964,val,1
712_965,train,2
712_971,train,1
712_976,train,1
712_978,train,1
713_894,train,1
713_895,val,1
713_896,val,1
713_897,val,1
713_898,val,2
713_899,val,1
713_900,train,1
713_901,train,4
713_902,train,1
713_905,train,1
713_907,train,1
713_910,train,1
713_913,train,2
713_928,train,1
713_932,train,1
713_934,train,1
713_938,train,3
713_939,train,1
713_940,train,1
713_942,val,2
713_943,train,1
713_946,train,1
713_947,train,3
713_948,train,1
713_955,val,2
713_956,train,1
713_961,train,1
713_969,train,3
713_972,train,2
714_891,train,1
714_894,train,2
714_896,train,2
714_901,train,1
714_903,train,1
714_905,train,1
714_912,train,1
714_913,train,1
714_914,train,1
714_917,train,1
714_918,val,1
714_920,train,1
714_921,train,1
714_924,train,2
714_934,train,2
714_935,train,2
714_938,val,2
714_942,train,1
714_953,train,1
714_956,train,1
715_892,train,1
715_896,train,1
715_897,train,3
715_898,train,4
715_900,train,1
715_904,train,2
715_905,train,2
715_913,train,2
715_914,train,3
715_917,train,1
715_922,train,1
715_928,train,1
715_938,train,1
715_953,train,1
715_958,train,1
715_959,train,1
716_892,val,3
716_893,train,1
716_896,train,1
716_898,train,1
716_901,val,1
716_906,train,1
716_907,val,1
716_909,train,2
716_913,train,1
716_914,train,2
716_915,train,1
716_917,train,1
716_919,train,1
716_923,train,1
716_926,train,1
716_929,train,1
716_941,train,1
716_948,train,2
716_957,train,2
716_958,train,1
716_959,val,1
716_960,train,1
717_892,train,1
717_894,train,1
717_898,val,3
717_900,train,3
717_901,train,3
717_902,train,2
717_903,train,1
717_906,train,1
717_911,train,3
717_914,train,1
717_915,train,1
717_917,train,3
717_919,val,1
717_923,train,2
717_924,train,1
717_925,train,1
717_932,train,1
717_948,train,2
717_958,val,1
718_891,train,2
718_892,train,1
718_893,train,1
718_899,train,3
718_905,val,1
718_906,train,1
718_907,val,1
718_909,val,1
718_915,train,1
718_916,train,1
718_919,train,2
718_920,train,2
718_953,train,1
718_954,train,1
718_959,train,1
719_901,train,4
719_905,train,2
719_909,train,1
719_912,train,1
719_914,train,1
719_915,train,1
719_916,train,2
719_917,train,1
719_919,train,1
719_920,train,3
719_925,train,1
719_939,train,1
719_951,train,1
720_900,train,1
720_904,train,1
720_927,train,1
720_928,train,1
720_940,val,1
721_894,train,2
721_895,train,1
721_899,train,2
721_904,val,3
721_908,train,1
721_910,train,2
721_913,val,1
721_921,train,1
721_926,train,1
721_931,train,1
721_935,train,3
721_944,val,2
721_945,train,1
721_947,train,1
722_889,train,2
722_893,train,5
722_895,train,2
722_896,train,1
722_897,train,2
722_898,train,2
722_899,train,2
722_900,train,1
722_902,train,1
722_904,train,1
722_906,train,1
722_916,train,1
722_918,train,1
722_920,train,2
722_931,val,1
722_932,train,1
722_937,val,1
722_944,train,1
722_945,train,2
723_895,train,2
723_896,train,1
723_898,train,4
723_900,train,1
723_902,train,1
723_907,train,1
723_917,val,2
723_921,train,1
723_923,val,1
723_927,train,2
723_936,train,1
723_940,train,1
723_947,train,1
724_893,train,4
724_895,train,2
724_896,train,4
724_897,train,5
724_898,train,3
724_899,val,6
724_908,train,1
724_921,train,1
724_922,train,2
724_923,train,1
724_924,train,2
724_925,train,3
724_927,train,1
724_929,train,1
724_936,train,1
724_940,train,1
724_941,train,2
724_943,val,1
724_947,train,1
725_895,val,2
725_896,train,4
725_897,val,4
725_898,train,6
725_899,train,1
725_902,val,1
725_904,train,5
725_905,train,6
725_906,val,2
725_908,train,3
725_909,train,2
725_914,train,1
725_921,train,1
725_924,val,1
725_931,train,3
725_938,train,2
725_939,train,1
725_940,train,1
725_941,train,4
726_896,train,1
726_897,train,6
726_898,val,4
726_905,train,1
726_907,train,1
726_908,train,3
726_915,train,2
726_917,train,1
726_921,train,1
726_926,train,1
726_928,train,1
726_939,train,1
726_940,train,2
726_941,train,1
727_897,train,2
727_903,val,3
727_914,train,1
727_915,train,2
727_916,train,1
727_923,train,1
727_925,train,1
727_934,train,1
727_936,train,1
727_937,train,1
727_938,val,1
727_940,val,1
727_941,val,3
727_943,val,1
728_903,train,1
728_904,val,12
728_917,val,1
728_922,train,1
728_930,train,1
728_931,train,1
728_941,train,1
728_942,train,2
729_898,val,1
729_900,train,2
729_904,val,1
729_907,train,2
729_908,train,2
729_914,train,1
729_918,train,1
729_919,train,1
729_920,train,1
729_933,train,2
729_941,train,1
729_942,train,1
729_943,train,3
730_898,train,1
730_899,train,4
730_901,val,1
730_902,train,1
730_904,val,1
730_910,val,1
730_919,train,1
730_928,train,1
730_929,val,1
730_932,train,1
730_937,train,3
730_938,train,2
731_913,train,1
731_928,train,1
731_932,train,1
731_946,train,1
732_907,train,1
732_919,train,1
732_925,train,1
732_931,train,1
732_946,train,1
733_902,val,3
733_903,train,1
733_904,train,2
733_916,val,2
733_929,train,2
733_938,train,1
734_913,train,1
734_915,val,1
734_918,train,1
734_920,train,1
734_926,train,1
734_933,train,1
735_908,train,1
735_912,train,1
735_920,val,1
735_921,train,1
735_934,train,1
736_908,train,2
736_914,train,1
736_920,train,1
736_933,train,1
737_907,train,2
737_909,train,1
737_916,train,1
737_920,train,1
737_932,train,1
738_912,train,1
738_924,train,1
738_931,train,1
738_932,train,1
739_910,train,1
739_914,train,1
739_915,train,2
739_916,train,4
739_921,train,1
739_929,train,1
740_907,train,1
740_912,train,1
740_913,train,1
740_914,train,1
740_916,train,2
740_921,val,1
740_924,train,1
740_929,train,1
740_930,train,1
740_931,train,1
740_932,train,1
740_933,train,6
741_913,train,2
741_922,train,1
741_930,train,3
741_931,train,3
741_932,train,1
741_933,train,1
742_913,train,1
742_919,train,1
742_929,train,1
743_917,train,1
743_924,train,1
743_928,train,1
743_932,train,1
743_934,train,1
744_919,train,1
744_922,train,3
744_923,val,2
744_925,train,1
744_927,val,1
745_915,train,1
745_916,train,1
745_920,train,3
745_921,train,1
745_923,train,2
745_927,train,1
745_928,train,1
746_918,val,2
746_920,val,1
746_922,train,1
746_923,val,11
746_924,train,5
746_926,train,1
746_927,train,3
747_918,train,1
747_921,train,4
747_922,train,1
747_923,train,4
747_924,val,2
747_925,train,2
747_926,train,1
748_916,train,2
748_917,val,1
748_918,train,2
748_919,train,2
748_923,train,5
748_924,train,1
748_925,train,3
748_926,val,2
748_928,train,1
748_929,train,1
749_917,val,1
749_919,val,3
749_920,train,2
749_921,val,1
749_922,train,1
749_924,val,1
749_925,val,1
749_926,train,4
750_921,train,1
750_922,train,1
750_924,train,3
750_925,train,2
750_926,train,1
750_927,train,1
751_922,train,2
752_923,train,2
752_924,train,4
