pair,side,lon,lat,evt,evh,evc,sclass,fdist,nlcd,ch,cc,tcc,road_dist,tsd,balive,tpa_live,qmd,carbon_dwn,road_dist_m_OLD,road_dist_m_NEW,logit_OLD,logit_NEW,prob_OLD,prob_NEW
0,ME,-70.97698,44.86778,7373,113,187,2,0,42,110.0,85.0,75.0,3771.0,3434.0,1350.0,7466.0,377.0,488.0,5535.0,42.0,1.1223,0.4009,0.536,0.2878
0,NH,-71.06526,44.88739,7373,113,187,2,0,42,110.0,85.0,80.0,6383.0,3434.0,1350.0,7466.0,377.0,488.0,591.0,591.0,0.7644,0.7644,0.4069,0.4069
1,ME,-71.01492,44.76001,7555,116,162,3,0,43,150.0,65.0,84.0,6531.0,3434.0,695.0,7032.0,336.0,223.0,3462.0,685.0,3.0049,1.3762,0.9471,0.6257
1,NH,-71.10228,44.86786,7555,116,162,3,0,43,150.0,65.0,89.0,6770.0,3434.0,1463.0,6984.0,499.0,673.0,870.0,870.0,0.8062,0.8062,0.4216,0.4216
2,ME,-70.97115,44.74223,7373,117,179,2,0,90,190.0,75.0,83.0,6278.0,3434.0,1523.0,7624.0,369.0,690.0,6939.0,532.0,2.5104,1.1093,0.897,0.5312
2,NH,-71.06032,44.8485,7373,117,179,2,0,90,190.0,75.0,86.0,3771.0,3434.0,1523.0,7624.0,369.0,690.0,42.0,42.0,0.6429,0.6376,0.365,0.3632
3,ME,-71.03334,44.77495,7292,11,11,111,0,11,0.0,0.0,0.0,7323.0,3434.0,0.0,0.0,0.0,0.0,1862.0,1514.0,-1.602,-1.7724,0.0214,0.0168
3,NH,-71.05315,44.88302,7292,11,11,111,0,11,0.0,0.0,5.0,5889.0,3434.0,0.0,0.0,0.0,0.0,360.0,360.0,-0.6606,-0.7276,0.0794,0.0725
4,ME,-70.98117,44.79654,7481,113,181,2,0,90,150.0,85.0,77.0,6248.0,3434.0,1429.0,7523.0,377.0,533.0,5197.0,516.0,1.861,0.877,0.7719,0.447
4,NH,-71.05326,44.83227,7481,113,181,2,0,90,150.0,85.0,75.0,5750.0,3434.0,1600.0,7359.0,432.0,621.0,313.0,313.0,0.2685,0.2695,0.25,0.2502
5,ME,-70.9804,44.79735,7373,117,188,2,0,90,190.0,95.0,75.0,6263.0,3434.0,1523.0,7624.0,369.0,690.0,5223.0,524.0,1.9726,0.9086,0.7992,0.4584
5,NH,-71.13405,44.79027,7373,117,188,2,0,90,190.0,95.0,74.0,6522.0,3434.0,1827.0,8236.0,298.0,538.0,679.0,679.0,0.9593,0.9593,0.4767,0.4767
6,ME,-70.9891,44.87054,7302,112,167,5,0,41,110.0,65.0,85.0,6836.0,2890.0,275.0,5938.0,365.0,95.0,4637.0,930.0,1.2531,1.0153,0.5828,0.4971
6,NH,-71.11954,44.89115,7302,112,167,5,0,41,110.0,65.0,86.0,4563.0,2996.0,398.0,5999.0,426.0,239.0,95.0,95.0,0.6801,0.6801,0.3776,0.3776
7,ME,-70.98322,44.81761,7302,113,174,5,0,41,150.0,75.0,74.0,5889.0,2996.0,591.0,4208.0,1280.0,400.0,4669.0,360.0,2.5167,1.4687,0.8979,0.6566
7,NH,-71.16664,44.89134,7302,113,174,5,0,41,150.0,75.0,78.0,6276.0,2485.0,0.0,0.0,0.0,0.0,531.0,531.0,0.4055,0.4055,0.2892,0.2892
