longitude,latitude,label,split,source_file_region,side,duplicate_across_files
-70.951614,44.83973,1,train,ME,ME,True
-70.96099,44.719265,1,train,ME,ME,True
-70.96903,44.861584,1,train,ME,ME,True
-70.98343,44.746433,1,train,ME,ME,True
-70.98467,44.848816,1,train,ME,ME,True
-71.0028,44.80983,1,train,ME,ME,True
-71.006325,44.863697,1,val,ME,ME,True
-71.00786,44.869297,1,train,ME,ME,False
-71.01271,44.885933,1,train,ME,ME,True
-71.01458,44.818253,1,train,ME,ME,True
-71.017235,44.713623,1,train,ME,ME,True
-71.017334,44.81936,1,train,ME,ME,True
-71.0194,44.714783,1,train,ME,ME,True
-71.02734,44.817028,1,train,ME,ME,True
-71.03125,44.812454,1,train,ME,ME,False
-71.0413,44.87081,1,train,ME,ME,False
-71.04482,44.84246,1,train,ME,ME,False
-71.05144,44.801113,1,train,ME,NH,True
-71.052635,44.866497,1,train,ME,NH,True
-71.054214,44.857307,1,train,ME,NH,False
-71.0582,44.87997,1,val,ME,NH,True
-71.05843,44.863243,1,train,ME,NH,True
-71.062096,44.81979,1,val,ME,NH,True
-71.08293,44.750347,1,val,ME,NH,True
-71.08939,44.82072,1,train,ME,NH,True
-71.099655,44.832073,1,train,ME,NH,True
-71.09981,44.89257,1,train,ME,NH,False
-71.10004,44.810837,1,train,ME,NH,True
-71.111435,44.747,1,train,ME,NH,True
-71.119774,44.748837,1,train,ME,NH,True
-71.12108,44.788334,1,train,ME,NH,False
-71.122856,44.786987,1,train,ME,NH,True
-71.12453,44.853447,1,train,ME,NH,True
-71.12616,44.72765,1,train,ME,NH,True
-71.127205,44.752342,1,train,ME,NH,True
-71.130066,44.782566,1,train,ME,NH,True
-71.133644,44.832855,1,train,ME,NH,False
-71.14435,44.738506,1,val,ME,NH,True
-71.146,44.742405,1,val,ME,NH,False
-71.15268,44.79503,1,train,ME,NH,True
-71.15369,44.78911,1,train,ME,NH,True
-71.1545,44.786495,1,train,ME,NH,True
-70.96892,44.86794,0,train,ME,ME,False
-70.98144,44.86344,0,train,ME,ME,False
-70.975,44.834236,0,train,ME,ME,False
-70.98707,44.84627,0,train,ME,ME,False
-70.987595,44.846684,0,train,ME,ME,False
-70.951614,44.83973,1,train,NH,ME,True
-70.96099,44.719265,1,train,NH,ME,True
-70.96903,44.861584,1,train,NH,ME,True
-70.98343,44.746433,1,train,NH,ME,True
-70.98467,44.848816,1,train,NH,ME,True
-71.0028,44.80983,1,train,NH,ME,True
-71.006325,44.863697,1,train,NH,ME,True
-71.01271,44.885933,1,train,NH,ME,True
-71.01458,44.818253,1,train,NH,ME,True
-71.017235,44.713623,1,train,NH,ME,True
-71.017334,44.81936,1,val,NH,ME,True
-71.0194,44.714783,1,train,NH,ME,True
-71.02734,44.817028,1,val,NH,ME,True
-71.04042,44.88101,1,train,NH,ME,False
-71.05122,44.704006,1,train,NH,NH,False
-71.05144,44.801113,1,train,NH,NH,True
-71.05164,44.864307,1,train,NH,NH,False
-71.052635,44.866497,1,train,NH,NH,True
-71.0582,44.87997,1,train,NH,NH,True
-71.05843,44.863243,1,train,NH,NH,True
-71.06183,44.83296,1,train,NH,NH,False
-71.062096,44.81979,1,train,NH,NH,True
-71.07586,44.831726,1,train,NH,NH,False
-71.08293,44.750347,1,train,NH,NH,True
-71.08939,44.82072,1,train,NH,NH,True
-71.099655,44.832073,1,train,NH,NH,True
-71.10004,44.810837,1,train,NH,NH,True
-71.10884,44.73851,1,train,NH,NH,False
-71.111435,44.747,1,train,NH,NH,True
-71.119125,44.87755,1,train,NH,NH,False
-71.119774,44.748837,1,train,NH,NH,True
-71.122856,44.786987,1,train,NH,NH,True
-71.12453,44.853447,1,train,NH,NH,True
-71.12616,44.72765,1,val,NH,NH,True
-71.127205,44.752342,1,train,NH,NH,True
-71.12881,44.875187,1,train,NH,NH,False
-71.130066,44.782566,1,train,NH,NH,True
-71.133606,44.83271,1,train,NH,NH,False
-71.14435,44.738506,1,val,NH,NH,True
-71.15268,44.79503,1,val,NH,NH,True
-71.15369,44.78911,1,val,NH,NH,True
-71.1545,44.786495,1,val,NH,NH,True
-71.164955,44.803528,1,val,NH,NH,False
-71.16673,44.810364,1,train,NH,NH,False
-71.16709,44.748245,1,train,NH,NH,False
-71.17707,44.70905,1,train,NH,NH,False
-71.177536,44.75287,1,train,NH,NH,False
-71.17965,44.72515,1,train,NH,NH,False
-71.18377,44.752678,1,train,NH,NH,False
-71.18563,44.80084,1,train,NH,NH,False
-71.18597,44.79723,1,train,NH,NH,False
-71.18918,44.79463,1,train,NH,NH,False
-71.21563,44.799294,1,train,NH,NH,False
-71.220894,44.886368,1,val,NH,NH,False
-71.225365,44.871464,1,train,NH,NH,False
-71.08432,44.882545,0,train,NH,NH,False
-71.115074,44.823544,0,train,NH,NH,False
-71.21033,44.701496,0,train,NH,NH,False
-71.05717,44.859764,0,train,NH,NH,False
-71.07524,44.881554,0,train,NH,NH,False
-71.11431,44.824326,0,train,NH,NH,False
-71.0722,44.748558,0,train,NH,NH,False
-71.05852,44.849705,0,train,NH,NH,False
-71.158325,44.87388,0,train,NH,NH,False
-71.09678,44.717243,0,val,NH,NH,False
-71.20945,44.87766,0,val,NH,NH,False
