longitude,latitude,split,label,source_file_region,point_set,side,score
-71.04482,44.84246,val,1,ME,region files ME+NH+VT,ME,0.6946121454238892
-71.0413,44.87081,train,1,ME,region files ME+NH+VT,ME,0.20599815249443054
-71.03125,44.812454,train,1,ME,region files ME+NH+VT,ME,0.09706348180770874
-71.02734,44.817028,train,1,ME,region files ME+NH+VT,ME,0.6826779842376709
-71.0194,44.714783,train,1,ME,region files ME+NH+VT,ME,0.7684769034385681
-71.017334,44.81936,train,1,ME,region files ME+NH+VT,ME,0.6937800645828247
-71.017235,44.713623,train,1,ME,region files ME+NH+VT,ME,0.7839654684066772
-71.01458,44.818253,train,1,ME,region files ME+NH+VT,ME,0.7230235934257507
-71.01271,44.885933,val,1,ME,region files ME+NH+VT,ME,0.7953965067863464
-71.00786,44.869297,val,1,ME,region files ME+NH+VT,ME,0.6622264385223389
-71.006325,44.863697,val,1,ME,region files ME+NH+VT,ME,0.7814514636993408
-71.0028,44.80983,train,1,ME,region files ME+NH+VT,ME,0.7225838303565979
-70.98467,44.848816,val,1,ME,region files ME+NH+VT,ME,0.7121120095252991
-70.98343,44.746433,train,1,ME,region files ME+NH+VT,ME,0.7266355156898499
-70.96903,44.861584,train,1,ME,region files ME+NH+VT,ME,0.7001481056213379
-70.96099,44.719265,train,1,ME,region files ME+NH+VT,ME,0.6691169142723083
-70.951614,44.83973,val,1,ME,region files ME+NH+VT,ME,0.6901003122329712
-71.03292,44.704964,train,0,ME,region files ME+NH+VT,ME,0.35333120822906494
-70.987595,44.846684,val,0,ME,region files ME+NH+VT,ME,0.7012413740158081
-70.98144,44.86344,train,0,ME,region files ME+NH+VT,ME,0.1894380748271942
-70.97363,44.83429,val,0,ME,region files ME+NH+VT,ME,0.6576990485191345
-70.96511,44.722557,train,0,ME,region files ME+NH+VT,ME,0.7884425520896912
-70.963646,44.86119,train,0,ME,region files ME+NH+VT,ME,0.5686120390892029
-71.225105,44.87163,train,1,NH,region files ME+NH+VT,NH,0.7193432450294495
-71.220894,44.886368,train,1,NH,region files ME+NH+VT,NH,0.8135164380073547
-71.21563,44.799294,train,1,NH,region files ME+NH+VT,NH,0.6266195178031921
-71.18918,44.79463,train,1,NH,region files ME+NH+VT,NH,0.6552289724349976
-71.18597,44.79723,train,1,NH,region files ME+NH+VT,NH,0.6382625699043274
-71.18377,44.752678,train,1,NH,region files ME+NH+VT,NH,0.6309001445770264
-71.17965,44.72515,train,1,NH,region files ME+NH+VT,NH,0.7911180257797241
-71.177536,44.75287,train,1,NH,region files ME+NH+VT,NH,0.5252408385276794
-71.17707,44.70905,train,1,NH,region files ME+NH+VT,NH,0.8215291500091553
-71.16709,44.748245,train,1,NH,region files ME+NH+VT,NH,0.7509903907775879
-71.16673,44.810364,train,1,NH,region files ME+NH+VT,NH,0.4662330746650696
-71.164955,44.803528,val,1,NH,region files ME+NH+VT,NH,0.05987946316599846
-71.1545,44.786495,val,1,NH,region files ME+NH+VT,NH,0.22922682762145996
-71.15369,44.78911,val,1,NH,region files ME+NH+VT,NH,0.578843355178833
-71.15268,44.79503,val,1,NH,region files ME+NH+VT,NH,0.6983142495155334
-71.14435,44.738506,train,1,NH,region files ME+NH+VT,NH,0.8258033394813538
-71.133644,44.832855,train,1,NH,region files ME+NH+VT,NH,0.6673403978347778
-71.130066,44.782566,train,1,NH,region files ME+NH+VT,NH,0.06158910691738129
-71.12881,44.875187,val,1,NH,region files ME+NH+VT,NH,0.580539345741272
-71.127205,44.752342,val,1,NH,region files ME+NH+VT,NH,0.6853044033050537
-71.12616,44.72765,train,1,NH,region files ME+NH+VT,NH,0.7316869497299194
-71.12453,44.853447,train,1,NH,region files ME+NH+VT,NH,0.7054817080497742
-71.122856,44.786987,train,1,NH,region files ME+NH+VT,NH,0.5418909192085266
-71.119774,44.748837,train,1,NH,region files ME+NH+VT,NH,0.7382803559303284
-71.119125,44.87755,val,1,NH,region files ME+NH+VT,NH,0.6236756443977356
-71.111435,44.747,train,1,NH,region files ME+NH+VT,NH,0.7190079092979431
-71.10884,44.73851,train,1,NH,region files ME+NH+VT,NH,0.7196758389472961
-71.10004,44.810837,train,1,NH,region files ME+NH+VT,NH,0.8584593534469604
-71.099655,44.832073,train,1,NH,region files ME+NH+VT,NH,0.6238188147544861
-71.08939,44.82072,train,1,NH,region files ME+NH+VT,NH,0.7613560557365417
-71.08293,44.750347,train,1,NH,region files ME+NH+VT,NH,0.812371551990509
-71.07586,44.831726,train,1,NH,region files ME+NH+VT,NH,0.7692965865135193
-71.062096,44.81979,train,1,NH,region files ME+NH+VT,NH,0.7406003475189209
-71.06183,44.83296,train,1,NH,region files ME+NH+VT,NH,0.6061891317367554
-71.05843,44.863243,train,1,NH,region files ME+NH+VT,NH,0.6848245859146118
-71.0582,44.87997,train,1,NH,region files ME+NH+VT,NH,0.759571373462677
-71.052635,44.866497,train,1,NH,region files ME+NH+VT,NH,0.6642665863037109
-71.05164,44.864307,train,1,NH,region files ME+NH+VT,NH,0.5095117092132568
-71.05144,44.801113,train,1,NH,region files ME+NH+VT,NH,0.7460557222366333
-71.05122,44.704006,train,1,NH,region files ME+NH+VT,NH,0.6252515316009521
-71.21033,44.701496,train,0,NH,region files ME+NH+VT,NH,0.6878701448440552
-71.057594,44.850048,train,0,NH,region files ME+NH+VT,NH,0.8105100393295288
